REGION,SETTLEMENTDATE,TOTALDEMAND,RRP,PERIODTYPE
QLD1,2017/01/01 00:30:00,6462.14,186.25,TRADE
QLD1,2017/01/01 01:00:00,6352.82,83.75,TRADE
QLD1,2017/01/01 01:30:00,6261.02,64.91,TRADE
QLD1,2017/01/01 02:00:00,6169.66,53.33,TRADE
QLD1,2017/01/01 02:30:00,6149.87,64.03,TRADE
QLD1,2017/01/01 03:00:00,6038.86,57.50,TRADE
QLD1,2017/01/01 03:30:00,5960.09,52.02,TRADE
QLD1,2017/01/01 04:00:00,5894.37,54.35,TRADE
QLD1,2017/01/01 04:30:00,5874.75,59.63,TRADE
QLD1,2017/01/01 05:00:00,5834.9,57.64,TRADE
QLD1,2017/01/01 05:30:00,5829.53,55.91,TRADE
QLD1,2017/01/01 06:00:00,5772.74,47.76,TRADE
QLD1,2017/01/01 06:30:00,5847.59,47.99,TRADE
QLD1,2017/01/01 07:00:00,5929.49,47.15,TRADE
QLD1,2017/01/01 07:30:00,6053.55,46.08,TRADE
QLD1,2017/01/01 08:00:00,6133.53,46.83,TRADE
QLD1,2017/01/01 08:30:00,6264.87,48.91,TRADE
QLD1,2017/01/01 09:00:00,6485.89,54.32,TRADE
QLD1,2017/01/01 09:30:00,6610.2,60.06,TRADE
QLD1,2017/01/01 10:00:00,6769.76,57.55,TRADE
QLD1,2017/01/01 10:30:00,6917.15,79.89,TRADE
QLD1,2017/01/01 11:00:00,6992.67,292.05,TRADE
QLD1,2017/01/01 11:30:00,7047.07,99.72,TRADE
QLD1,2017/01/01 12:00:00,7179.8,214.18,TRADE
QLD1,2017/01/01 12:30:00,7280.93,298.82,TRADE
QLD1,2017/01/01 13:00:00,7329.27,98.50,TRADE
QLD1,2017/01/01 13:30:00,7440.06,82.33,TRADE
QLD1,2017/01/01 14:00:00,7530.07,104.05,TRADE
QLD1,2017/01/01 14:30:00,7619.91,108.77,TRADE
QLD1,2017/01/01 15:00:00,7680.57,119.94,TRADE
QLD1,2017/01/01 15:30:00,7801.23,101.09,TRADE
QLD1,2017/01/01 16:00:00,7897.56,185.32,TRADE
QLD1,2017/01/01 16:30:00,7841,303.85,TRADE
QLD1,2017/01/01 17:00:00,7996.54,112.73,TRADE
QLD1,2017/01/01 17:30:00,8042.19,114.06,TRADE
QLD1,2017/01/01 18:00:00,7933.6,291.35,TRADE
QLD1,2017/01/01 18:30:00,7903.67,91.54,TRADE
QLD1,2017/01/01 19:00:00,7975.06,111.76,TRADE
QLD1,2017/01/01 19:30:00,8030.82,76.03,TRADE
QLD1,2017/01/01 20:00:00,7981.29,86.72,TRADE
QLD1,2017/01/01 20:30:00,7883.46,97.03,TRADE
QLD1,2017/01/01 21:00:00,7686.81,61.69,TRADE
QLD1,2017/01/01 21:30:00,7568.41,76.11,TRADE
QLD1,2017/01/01 22:00:00,7343.85,56.34,TRADE
QLD1,2017/01/01 22:30:00,7154.45,66.53,TRADE
QLD1,2017/01/01 23:00:00,7065.76,69.23,TRADE
QLD1,2017/01/01 23:30:00,6763.58,62.71,TRADE
QLD1,2017/01/02 00:00:00,6445.77,61.04,TRADE
QLD1,2017/01/02 00:30:00,6288.1,61.07,TRADE
QLD1,2017/01/02 01:00:00,6202.45,52.95,TRADE
QLD1,2017/01/02 01:30:00,6065.56,46.82,TRADE
QLD1,2017/01/02 02:00:00,6003.66,43.85,TRADE
QLD1,2017/01/02 02:30:00,5964.93,52.49,TRADE
QLD1,2017/01/02 03:00:00,5897.79,48.38,TRADE
QLD1,2017/01/02 03:30:00,5926.37,50.22,TRADE
QLD1,2017/01/02 04:00:00,5876.01,45.19,TRADE
QLD1,2017/01/02 04:30:00,5872.42,48.90,TRADE
QLD1,2017/01/02 05:00:00,5872.56,48.61,TRADE
QLD1,2017/01/02 05:30:00,5888.78,52.39,TRADE
QLD1,2017/01/02 06:00:00,5908.44,49.40,TRADE
QLD1,2017/01/02 06:30:00,6000.31,51.74,TRADE
QLD1,2017/01/02 07:00:00,6149.23,49.82,TRADE
QLD1,2017/01/02 07:30:00,6395.52,58.15,TRADE
QLD1,2017/01/02 08:00:00,6478.34,60.95,TRADE
QLD1,2017/01/02 08:30:00,6648.5,94.88,TRADE
QLD1,2017/01/02 09:00:00,6793.66,151.73,TRADE
QLD1,2017/01/02 09:30:00,6931.63,134.09,TRADE
QLD1,2017/01/02 10:00:00,7011.82,71.96,TRADE
QLD1,2017/01/02 10:30:00,7069.76,91.97,TRADE
QLD1,2017/01/02 11:00:00,7141.99,97.04,TRADE
QLD1,2017/01/02 11:30:00,7172.5,97.41,TRADE
QLD1,2017/01/02 12:00:00,7219.85,306.19,TRADE
QLD1,2017/01/02 12:30:00,7269.54,78.78,TRADE
QLD1,2017/01/02 13:00:00,7435.86,93.10,TRADE
QLD1,2017/01/02 13:30:00,7548.58,97.42,TRADE
QLD1,2017/01/02 14:00:00,7599.77,96.84,TRADE
QLD1,2017/01/02 14:30:00,7668.74,111.47,TRADE
QLD1,2017/01/02 15:00:00,7748.38,113.72,TRADE
QLD1,2017/01/02 15:30:00,7863.34,127.55,TRADE
QLD1,2017/01/02 16:00:00,7869.93,155.01,TRADE
QLD1,2017/01/02 16:30:00,7820.69,139.40,TRADE
QLD1,2017/01/02 17:00:00,7835.54,141.22,TRADE
QLD1,2017/01/02 17:30:00,7874.9,94.88,TRADE
QLD1,2017/01/02 18:00:00,7830.29,99.58,TRADE
QLD1,2017/01/02 18:30:00,7810.33,122.15,TRADE
QLD1,2017/01/02 19:00:00,7890.34,100.06,TRADE
QLD1,2017/01/02 19:30:00,7867.81,96.66,TRADE
QLD1,2017/01/02 20:00:00,7766.2,87.90,TRADE
QLD1,2017/01/02 20:30:00,7609.07,71.91,TRADE
QLD1,2017/01/02 21:00:00,7304.34,63.60,TRADE
QLD1,2017/01/02 21:30:00,7109.64,65.96,TRADE
QLD1,2017/01/02 22:00:00,6890.27,57.02,TRADE
QLD1,2017/01/02 22:30:00,6708.98,83.04,TRADE
QLD1,2017/01/02 23:00:00,6591.66,70.66,TRADE
QLD1,2017/01/02 23:30:00,6366.94,115.91,TRADE
QLD1,2017/01/03 00:00:00,6073.9,65.59,TRADE
QLD1,2017/01/03 00:30:00,5888.17,45.78,TRADE
QLD1,2017/01/03 01:00:00,5824.99,47.91,TRADE
QLD1,2017/01/03 01:30:00,5698.85,45.04,TRADE
QLD1,2017/01/03 02:00:00,5662.02,46.92,TRADE
QLD1,2017/01/03 02:30:00,5599.27,44.60,TRADE
QLD1,2017/01/03 03:00:00,5627.49,46.72,TRADE
QLD1,2017/01/03 03:30:00,5612.3,43.27,TRADE
QLD1,2017/01/03 04:00:00,5598.69,43.22,TRADE
QLD1,2017/01/03 04:30:00,5614.58,43.83,TRADE
QLD1,2017/01/03 05:00:00,5675.26,51.92,TRADE
QLD1,2017/01/03 05:30:00,5732.78,52,TRADE
QLD1,2017/01/03 06:00:00,5846.91,50.95,TRADE
QLD1,2017/01/03 06:30:00,6094.57,66.67,TRADE
QLD1,2017/01/03 07:00:00,6314.99,81.91,TRADE
QLD1,2017/01/03 07:30:00,6562.82,67.83,TRADE
QLD1,2017/01/03 08:00:00,6743.85,89.81,TRADE
QLD1,2017/01/03 08:30:00,6931.57,98.55,TRADE
QLD1,2017/01/03 09:00:00,7037.8,105.79,TRADE
QLD1,2017/01/03 09:30:00,7076.91,98.67,TRADE
QLD1,2017/01/03 10:00:00,7061.61,97.79,TRADE
QLD1,2017/01/03 10:30:00,7112.46,97.79,TRADE
QLD1,2017/01/03 11:00:00,7124.97,98.93,TRADE
QLD1,2017/01/03 11:30:00,7109.22,102.87,TRADE
QLD1,2017/01/03 12:00:00,7121.3,100.10,TRADE
QLD1,2017/01/03 12:30:00,7063.1,118.43,TRADE
QLD1,2017/01/03 13:00:00,7072.95,86.02,TRADE
QLD1,2017/01/03 13:30:00,7130.51,95.64,TRADE
QLD1,2017/01/03 14:00:00,7136.39,96.80,TRADE
QLD1,2017/01/03 14:30:00,7160.06,96.70,TRADE
QLD1,2017/01/03 15:00:00,7184.91,90.73,TRADE
QLD1,2017/01/03 15:30:00,7228.22,98.56,TRADE
QLD1,2017/01/03 16:00:00,7234.38,115.02,TRADE
QLD1,2017/01/03 16:30:00,7247.32,105.19,TRADE
QLD1,2017/01/03 17:00:00,7306.92,103.94,TRADE
QLD1,2017/01/03 17:30:00,7312.98,98.15,TRADE
QLD1,2017/01/03 18:00:00,7266.08,93.29,TRADE
QLD1,2017/01/03 18:30:00,7226.62,82.57,TRADE
QLD1,2017/01/03 19:00:00,7241.81,174.94,TRADE
QLD1,2017/01/03 19:30:00,7211.74,206.52,TRADE
QLD1,2017/01/03 20:00:00,7159.51,114.29,TRADE
QLD1,2017/01/03 20:30:00,7071.82,89.97,TRADE
QLD1,2017/01/03 21:00:00,6868.54,79.17,TRADE
QLD1,2017/01/03 21:30:00,6775.93,75.20,TRADE
QLD1,2017/01/03 22:00:00,6583.73,51.62,TRADE
QLD1,2017/01/03 22:30:00,6454.14,88.83,TRADE
QLD1,2017/01/03 23:00:00,6415.04,91.42,TRADE
QLD1,2017/01/03 23:30:00,6248.68,75.75,TRADE
QLD1,2017/01/04 00:00:00,5949.86,58.86,TRADE
QLD1,2017/01/04 00:30:00,5788.91,48,TRADE
QLD1,2017/01/04 01:00:00,5657.84,43.16,TRADE
QLD1,2017/01/04 01:30:00,5521.94,41.04,TRADE
QLD1,2017/01/04 02:00:00,5466.87,42.97,TRADE
QLD1,2017/01/04 02:30:00,5438.35,46.02,TRADE
QLD1,2017/01/04 03:00:00,5432.72,52.40,TRADE
QLD1,2017/01/04 03:30:00,5437.85,60.78,TRADE
QLD1,2017/01/04 04:00:00,5413.75,59.49,TRADE
QLD1,2017/01/04 04:30:00,5445.78,44,TRADE
QLD1,2017/01/04 05:00:00,5504.87,39.34,TRADE
QLD1,2017/01/04 05:30:00,5603.24,41.31,TRADE
QLD1,2017/01/04 06:00:00,5682.2,45.67,TRADE
QLD1,2017/01/04 06:30:00,5910.04,59.28,TRADE
QLD1,2017/01/04 07:00:00,6141.32,63.21,TRADE
QLD1,2017/01/04 07:30:00,6409.15,72.44,TRADE
QLD1,2017/01/04 08:00:00,6457.94,96.69,TRADE
QLD1,2017/01/04 08:30:00,6614.01,107.37,TRADE
QLD1,2017/01/04 09:00:00,6691.81,122.32,TRADE
QLD1,2017/01/04 09:30:00,6698.42,108.45,TRADE
QLD1,2017/01/04 10:00:00,6685.46,102.44,TRADE
QLD1,2017/01/04 10:30:00,6702.98,98.93,TRADE
QLD1,2017/01/04 11:00:00,6730.15,98.84,TRADE
QLD1,2017/01/04 11:30:00,6711.98,96.56,TRADE
QLD1,2017/01/04 12:00:00,6689.53,87.16,TRADE
QLD1,2017/01/04 12:30:00,6708.02,95.86,TRADE
QLD1,2017/01/04 13:00:00,6706.77,74.04,TRADE
QLD1,2017/01/04 13:30:00,6811.26,94.47,TRADE
QLD1,2017/01/04 14:00:00,6925.98,91.92,TRADE
QLD1,2017/01/04 14:30:00,6985.7,97.82,TRADE
QLD1,2017/01/04 15:00:00,7048.56,98.38,TRADE
QLD1,2017/01/04 15:30:00,7150.84,156.98,TRADE
QLD1,2017/01/04 16:00:00,7184.67,98.89,TRADE
QLD1,2017/01/04 16:30:00,7287.11,99.66,TRADE
QLD1,2017/01/04 17:00:00,7403.62,102.97,TRADE
QLD1,2017/01/04 17:30:00,7396.58,101.30,TRADE
QLD1,2017/01/04 18:00:00,7322.05,91.41,TRADE
QLD1,2017/01/04 18:30:00,7289.36,87.16,TRADE
QLD1,2017/01/04 19:00:00,7350.94,104.55,TRADE
QLD1,2017/01/04 19:30:00,7409.95,100.27,TRADE
QLD1,2017/01/04 20:00:00,7367.84,100.42,TRADE
QLD1,2017/01/04 20:30:00,7284.75,92.70,TRADE
QLD1,2017/01/04 21:00:00,7082.34,72.14,TRADE
QLD1,2017/01/04 21:30:00,6902.54,59,TRADE
QLD1,2017/01/04 22:00:00,6709.23,49.81,TRADE
QLD1,2017/01/04 22:30:00,6612.44,74.65,TRADE
QLD1,2017/01/04 23:00:00,6508.59,94.05,TRADE
QLD1,2017/01/04 23:30:00,6236.58,279.33,TRADE
QLD1,2017/01/05 00:00:00,5985.32,58.14,TRADE
QLD1,2017/01/05 00:30:00,5833.17,51.63,TRADE
QLD1,2017/01/05 01:00:00,5731.34,43.90,TRADE
QLD1,2017/01/05 01:30:00,5592.06,44.41,TRADE
QLD1,2017/01/05 02:00:00,5514.45,43.83,TRADE
QLD1,2017/01/05 02:30:00,5499.78,44.58,TRADE
QLD1,2017/01/05 03:00:00,5501.75,42.43,TRADE
QLD1,2017/01/05 03:30:00,5469.73,41.33,TRADE
QLD1,2017/01/05 04:00:00,5494.14,42.60,TRADE
QLD1,2017/01/05 04:30:00,5534.42,45.67,TRADE
QLD1,2017/01/05 05:00:00,5519.14,41.53,TRADE
QLD1,2017/01/05 05:30:00,5584.07,41.96,TRADE
QLD1,2017/01/05 06:00:00,5661,37.68,TRADE
QLD1,2017/01/05 06:30:00,5901.1,49.64,TRADE
QLD1,2017/01/05 07:00:00,6097.21,53.23,TRADE
QLD1,2017/01/05 07:30:00,6373.09,60.10,TRADE
QLD1,2017/01/05 08:00:00,6455.69,65.11,TRADE
QLD1,2017/01/05 08:30:00,6618.79,91.80,TRADE
QLD1,2017/01/05 09:00:00,6665.55,89.20,TRADE
QLD1,2017/01/05 09:30:00,6757.81,90.90,TRADE
QLD1,2017/01/05 10:00:00,6751.22,76.72,TRADE
QLD1,2017/01/05 10:30:00,6834.42,93.23,TRADE
QLD1,2017/01/05 11:00:00,6862.77,94.21,TRADE
QLD1,2017/01/05 11:30:00,6912.14,92.01,TRADE
QLD1,2017/01/05 12:00:00,6925.46,96.55,TRADE
QLD1,2017/01/05 12:30:00,6936.58,95.49,TRADE
QLD1,2017/01/05 13:00:00,7046.03,118.94,TRADE
QLD1,2017/01/05 13:30:00,7018.84,170.78,TRADE
QLD1,2017/01/05 14:00:00,7034.97,98.85,TRADE
QLD1,2017/01/05 14:30:00,7121.37,98.89,TRADE
QLD1,2017/01/05 15:00:00,7172.08,86.21,TRADE
QLD1,2017/01/05 15:30:00,7204.49,92.80,TRADE
QLD1,2017/01/05 16:00:00,7275.23,136.40,TRADE
QLD1,2017/01/05 16:30:00,7302.55,127.35,TRADE
QLD1,2017/01/05 17:00:00,7411.48,154.20,TRADE
QLD1,2017/01/05 17:30:00,7428.84,83.41,TRADE
QLD1,2017/01/05 18:00:00,7404.42,88.01,TRADE
QLD1,2017/01/05 18:30:00,7432.16,81.15,TRADE
QLD1,2017/01/05 19:00:00,7525.34,97.37,TRADE
QLD1,2017/01/05 19:30:00,7568.24,89.24,TRADE
QLD1,2017/01/05 20:00:00,7531.4,91.29,TRADE
QLD1,2017/01/05 20:30:00,7354.18,77.27,TRADE
QLD1,2017/01/05 21:00:00,7153.32,79.44,TRADE
QLD1,2017/01/05 21:30:00,6980.78,70.52,TRADE
QLD1,2017/01/05 22:00:00,6763.17,50.15,TRADE
QLD1,2017/01/05 22:30:00,6544.37,56.85,TRADE
QLD1,2017/01/05 23:00:00,6471.15,54.22,TRADE
QLD1,2017/01/05 23:30:00,6284.92,58.87,TRADE
QLD1,2017/01/06 00:00:00,6000.38,40.80,TRADE
QLD1,2017/01/06 00:30:00,5873.48,42.58,TRADE
QLD1,2017/01/06 01:00:00,5779.81,38.76,TRADE
QLD1,2017/01/06 01:30:00,5647,44.37,TRADE
QLD1,2017/01/06 02:00:00,5578.36,44.41,TRADE
QLD1,2017/01/06 02:30:00,5566.17,43.88,TRADE
QLD1,2017/01/06 03:00:00,5534.35,40.51,TRADE
QLD1,2017/01/06 03:30:00,5511.42,41.85,TRADE
QLD1,2017/01/06 04:00:00,5497.48,45.49,TRADE
QLD1,2017/01/06 04:30:00,5524.42,45.79,TRADE
QLD1,2017/01/06 05:00:00,5575.78,44.27,TRADE
QLD1,2017/01/06 05:30:00,5607.92,36.24,TRADE
QLD1,2017/01/06 06:00:00,5709.17,39.11,TRADE
QLD1,2017/01/06 06:30:00,5946.21,73.07,TRADE
QLD1,2017/01/06 07:00:00,6145.88,64.65,TRADE
QLD1,2017/01/06 07:30:00,6407.73,60.83,TRADE
QLD1,2017/01/06 08:00:00,6529.69,85.05,TRADE
QLD1,2017/01/06 08:30:00,6698.2,95.57,TRADE
QLD1,2017/01/06 09:00:00,6822.7,95.10,TRADE
QLD1,2017/01/06 09:30:00,6843.96,95.60,TRADE
QLD1,2017/01/06 10:00:00,6840.32,91.40,TRADE
QLD1,2017/01/06 10:30:00,6866.15,92.28,TRADE
QLD1,2017/01/06 11:00:00,6865.52,97.03,TRADE
QLD1,2017/01/06 11:30:00,6848.52,87.62,TRADE
QLD1,2017/01/06 12:00:00,6911.97,150.14,TRADE
QLD1,2017/01/06 12:30:00,6891.09,115.18,TRADE
QLD1,2017/01/06 13:00:00,6923.22,91.48,TRADE
QLD1,2017/01/06 13:30:00,7011.67,138.50,TRADE
QLD1,2017/01/06 14:00:00,7054.69,80.51,TRADE
QLD1,2017/01/06 14:30:00,7003.3,72.91,TRADE
QLD1,2017/01/06 15:00:00,7117.32,102.14,TRADE
QLD1,2017/01/06 15:30:00,7183.02,142.16,TRADE
QLD1,2017/01/06 16:00:00,7204.83,188.44,TRADE
QLD1,2017/01/06 16:30:00,7310.72,171.23,TRADE
QLD1,2017/01/06 17:00:00,7364.24,180.05,TRADE
QLD1,2017/01/06 17:30:00,7370.63,108.59,TRADE
QLD1,2017/01/06 18:00:00,7271.64,63.08,TRADE
QLD1,2017/01/06 18:30:00,7236.5,61.07,TRADE
QLD1,2017/01/06 19:00:00,7351.01,91.15,TRADE
QLD1,2017/01/06 19:30:00,7380.64,92.83,TRADE
QLD1,2017/01/06 20:00:00,7363.94,93.22,TRADE
QLD1,2017/01/06 20:30:00,7247.7,88.46,TRADE
QLD1,2017/01/06 21:00:00,7035.17,77.29,TRADE
QLD1,2017/01/06 21:30:00,6928.06,65.57,TRADE
QLD1,2017/01/06 22:00:00,6763.18,59.47,TRADE
QLD1,2017/01/06 22:30:00,6589.06,91.05,TRADE
QLD1,2017/01/06 23:00:00,6573.94,83.07,TRADE
QLD1,2017/01/06 23:30:00,6385.63,66.21,TRADE
QLD1,2017/01/07 00:00:00,6048.72,54.60,TRADE
QLD1,2017/01/07 00:30:00,5913.18,47.50,TRADE
QLD1,2017/01/07 01:00:00,5820.97,39.87,TRADE
QLD1,2017/01/07 01:30:00,5696.19,42.54,TRADE
QLD1,2017/01/07 02:00:00,5596.41,41.85,TRADE
QLD1,2017/01/07 02:30:00,5591.64,53.14,TRADE
QLD1,2017/01/07 03:00:00,5533.13,45.38,TRADE
QLD1,2017/01/07 03:30:00,5543.64,47.64,TRADE
QLD1,2017/01/07 04:00:00,5481.99,44.55,TRADE
QLD1,2017/01/07 04:30:00,5510.53,46.67,TRADE
QLD1,2017/01/07 05:00:00,5517.28,50.18,TRADE
QLD1,2017/01/07 05:30:00,5535.53,42.26,TRADE
QLD1,2017/01/07 06:00:00,5520.72,29.99,TRADE
QLD1,2017/01/07 06:30:00,5595.45,39.62,TRADE
QLD1,2017/01/07 07:00:00,5733.31,46.18,TRADE
QLD1,2017/01/07 07:30:00,5924.53,58.40,TRADE
QLD1,2017/01/07 08:00:00,6014.5,76.56,TRADE
QLD1,2017/01/07 08:30:00,6118.39,86.81,TRADE
QLD1,2017/01/07 09:00:00,6159.01,89.03,TRADE
QLD1,2017/01/07 09:30:00,6165.2,87.73,TRADE
QLD1,2017/01/07 10:00:00,6175.57,71.67,TRADE
QLD1,2017/01/07 10:30:00,6147.61,76.90,TRADE
QLD1,2017/01/07 11:00:00,6156.43,85.66,TRADE
QLD1,2017/01/07 11:30:00,6129.69,82.97,TRADE
QLD1,2017/01/07 12:00:00,6189.67,84.67,TRADE
QLD1,2017/01/07 12:30:00,6159.96,72.97,TRADE
QLD1,2017/01/07 13:00:00,6126.47,73.35,TRADE
QLD1,2017/01/07 13:30:00,6129.24,66.63,TRADE
QLD1,2017/01/07 14:00:00,6130.48,62.73,TRADE
QLD1,2017/01/07 14:30:00,6138.74,61.82,TRADE
QLD1,2017/01/07 15:00:00,6200.03,63.56,TRADE
QLD1,2017/01/07 15:30:00,6277.91,78.46,TRADE
QLD1,2017/01/07 16:00:00,6382.3,82.21,TRADE
QLD1,2017/01/07 16:30:00,6545.24,90.96,TRADE
QLD1,2017/01/07 17:00:00,6703.13,83.94,TRADE
QLD1,2017/01/07 17:30:00,6806.43,123.89,TRADE
QLD1,2017/01/07 18:00:00,6820.88,97.14,TRADE
QLD1,2017/01/07 18:30:00,6847.17,67.93,TRADE
QLD1,2017/01/07 19:00:00,6897.5,66.55,TRADE
QLD1,2017/01/07 19:30:00,6992.15,102.77,TRADE
QLD1,2017/01/07 20:00:00,7005.94,88.94,TRADE
QLD1,2017/01/07 20:30:00,6931.51,72.22,TRADE
QLD1,2017/01/07 21:00:00,6729.6,63.76,TRADE
QLD1,2017/01/07 21:30:00,6652.31,61.29,TRADE
QLD1,2017/01/07 22:00:00,6514.81,57.07,TRADE
QLD1,2017/01/07 22:30:00,6380.47,63.01,TRADE
QLD1,2017/01/07 23:00:00,6316.17,67.44,TRADE
QLD1,2017/01/07 23:30:00,6151,58.71,TRADE
QLD1,2017/01/08 00:00:00,5873.5,46.15,TRADE
QLD1,2017/01/08 00:30:00,5681.18,43.42,TRADE
QLD1,2017/01/08 01:00:00,5623.7,40.48,TRADE
QLD1,2017/01/08 01:30:00,5455.09,39.82,TRADE
QLD1,2017/01/08 02:00:00,5389.01,41.59,TRADE
QLD1,2017/01/08 02:30:00,5331.81,40.48,TRADE
QLD1,2017/01/08 03:00:00,5303.83,38.57,TRADE
QLD1,2017/01/08 03:30:00,5277.08,33.64,TRADE
QLD1,2017/01/08 04:00:00,5287.85,34.29,TRADE
QLD1,2017/01/08 04:30:00,5265,34.49,TRADE
QLD1,2017/01/08 05:00:00,5254.92,30.32,TRADE
QLD1,2017/01/08 05:30:00,5266.54,23.89,TRADE
QLD1,2017/01/08 06:00:00,5263.22,23.19,TRADE
QLD1,2017/01/08 06:30:00,5312.63,31.33,TRADE
QLD1,2017/01/08 07:00:00,5349.3,34.82,TRADE
QLD1,2017/01/08 07:30:00,5443.82,37.41,TRADE
QLD1,2017/01/08 08:00:00,5521.19,37.80,TRADE
QLD1,2017/01/08 08:30:00,5609.44,44.70,TRADE
QLD1,2017/01/08 09:00:00,5736.81,46.68,TRADE
QLD1,2017/01/08 09:30:00,5739.63,48.47,TRADE
QLD1,2017/01/08 10:00:00,5782.31,55.20,TRADE
QLD1,2017/01/08 10:30:00,5803.62,59.19,TRADE
QLD1,2017/01/08 11:00:00,5797.51,60.78,TRADE
QLD1,2017/01/08 11:30:00,5798.86,60.94,TRADE
QLD1,2017/01/08 12:00:00,5870.32,62.62,TRADE
QLD1,2017/01/08 12:30:00,5872.89,62.99,TRADE
QLD1,2017/01/08 13:00:00,5934.82,82.40,TRADE
QLD1,2017/01/08 13:30:00,6000.67,75.70,TRADE
QLD1,2017/01/08 14:00:00,6022.32,80.47,TRADE
QLD1,2017/01/08 14:30:00,6079.41,76.77,TRADE
QLD1,2017/01/08 15:00:00,6164.77,80.93,TRADE
QLD1,2017/01/08 15:30:00,6301.5,92.39,TRADE
QLD1,2017/01/08 16:00:00,6412.16,94.66,TRADE
QLD1,2017/01/08 16:30:00,6532.05,124.27,TRADE
QLD1,2017/01/08 17:00:00,6628.04,160.30,TRADE
QLD1,2017/01/08 17:30:00,6760.61,181.64,TRADE
QLD1,2017/01/08 18:00:00,6785.03,246.20,TRADE
QLD1,2017/01/08 18:30:00,6898.89,94.10,TRADE
QLD1,2017/01/08 19:00:00,7036.71,99.02,TRADE
QLD1,2017/01/08 19:30:00,7044.23,95.84,TRADE
QLD1,2017/01/08 20:00:00,7045.69,93.63,TRADE
QLD1,2017/01/08 20:30:00,6994.42,83.09,TRADE
QLD1,2017/01/08 21:00:00,6761.49,70.12,TRADE
QLD1,2017/01/08 21:30:00,6648.48,62.48,TRADE
QLD1,2017/01/08 22:00:00,6436.16,50.05,TRADE
QLD1,2017/01/08 22:30:00,6305.87,63.42,TRADE
QLD1,2017/01/08 23:00:00,6243.6,56.19,TRADE
QLD1,2017/01/08 23:30:00,6066.06,47.69,TRADE
QLD1,2017/01/09 00:00:00,5802.22,42.65,TRADE
QLD1,2017/01/09 00:30:00,5629.38,42.23,TRADE
QLD1,2017/01/09 01:00:00,5528.56,36.54,TRADE
QLD1,2017/01/09 01:30:00,5426.78,38.88,TRADE
QLD1,2017/01/09 02:00:00,5364.38,36.70,TRADE
QLD1,2017/01/09 02:30:00,5306.38,33.11,TRADE
QLD1,2017/01/09 03:00:00,5318.09,28.48,TRADE
QLD1,2017/01/09 03:30:00,5324,41.52,TRADE
QLD1,2017/01/09 04:00:00,5309.28,35.81,TRADE
QLD1,2017/01/09 04:30:00,5343.33,43.97,TRADE
QLD1,2017/01/09 05:00:00,5399.09,42.48,TRADE
QLD1,2017/01/09 05:30:00,5553.86,45.34,TRADE
QLD1,2017/01/09 06:00:00,5654.42,47.93,TRADE
QLD1,2017/01/09 06:30:00,5898.79,71.26,TRADE
QLD1,2017/01/09 07:00:00,6135.08,115.88,TRADE
QLD1,2017/01/09 07:30:00,6412.63,70.75,TRADE
QLD1,2017/01/09 08:00:00,6510.69,82.45,TRADE
QLD1,2017/01/09 08:30:00,6649.75,96.78,TRADE
QLD1,2017/01/09 09:00:00,6746.84,95.48,TRADE
QLD1,2017/01/09 09:30:00,6813.77,105.14,TRADE
QLD1,2017/01/09 10:00:00,6829,114.66,TRADE
QLD1,2017/01/09 10:30:00,6863.86,89.79,TRADE
QLD1,2017/01/09 11:00:00,6922.14,92.34,TRADE
QLD1,2017/01/09 11:30:00,6950.2,93.58,TRADE
QLD1,2017/01/09 12:00:00,7015.7,97.16,TRADE
QLD1,2017/01/09 12:30:00,7071.13,95.74,TRADE
QLD1,2017/01/09 13:00:00,7147.88,97.60,TRADE
QLD1,2017/01/09 13:30:00,7191.76,93.60,TRADE
QLD1,2017/01/09 14:00:00,7344.76,95.49,TRADE
QLD1,2017/01/09 14:30:00,7409.5,117.29,TRADE
QLD1,2017/01/09 15:00:00,7454.22,115.23,TRADE
QLD1,2017/01/09 15:30:00,7570.22,111.32,TRADE
QLD1,2017/01/09 16:00:00,7667.98,138.31,TRADE
QLD1,2017/01/09 16:30:00,7757.64,99.07,TRADE
QLD1,2017/01/09 17:00:00,7878.23,104.28,TRADE
QLD1,2017/01/09 17:30:00,7898,83.03,TRADE
QLD1,2017/01/09 18:00:00,7834,72,TRADE
QLD1,2017/01/09 18:30:00,7741,61.55,TRADE
QLD1,2017/01/09 19:00:00,7824.76,67.95,TRADE
QLD1,2017/01/09 19:30:00,7877.22,74.56,TRADE
QLD1,2017/01/09 20:00:00,7837.85,78.98,TRADE
QLD1,2017/01/09 20:30:00,7722.72,74.35,TRADE
QLD1,2017/01/09 21:00:00,7472.17,64.49,TRADE
QLD1,2017/01/09 21:30:00,7271.61,60.04,TRADE
QLD1,2017/01/09 22:00:00,6999.41,52.95,TRADE
QLD1,2017/01/09 22:30:00,6819.5,63.87,TRADE
QLD1,2017/01/09 23:00:00,6690.62,56.77,TRADE
QLD1,2017/01/09 23:30:00,6450.91,51.40,TRADE
QLD1,2017/01/10 00:00:00,6143.75,51.22,TRADE
QLD1,2017/01/10 00:30:00,6004.25,50.50,TRADE
QLD1,2017/01/10 01:00:00,5908.09,47.85,TRADE
QLD1,2017/01/10 01:30:00,5748.49,47.34,TRADE
QLD1,2017/01/10 02:00:00,5664.4,47.51,TRADE
QLD1,2017/01/10 02:30:00,5629.14,47.99,TRADE
QLD1,2017/01/10 03:00:00,5598.13,47.02,TRADE
QLD1,2017/01/10 03:30:00,5583.19,47.56,TRADE
QLD1,2017/01/10 04:00:00,5542.63,46.39,TRADE
QLD1,2017/01/10 04:30:00,5598.51,44.77,TRADE
QLD1,2017/01/10 05:00:00,5656.79,43.82,TRADE
QLD1,2017/01/10 05:30:00,5758.81,57.46,TRADE
QLD1,2017/01/10 06:00:00,5913.36,50.99,TRADE
QLD1,2017/01/10 06:30:00,6213.8,79.68,TRADE
QLD1,2017/01/10 07:00:00,6477.8,93.77,TRADE
QLD1,2017/01/10 07:30:00,6707.52,62.41,TRADE
QLD1,2017/01/10 08:00:00,6881.04,82.25,TRADE
QLD1,2017/01/10 08:30:00,7064.22,94.13,TRADE
QLD1,2017/01/10 09:00:00,7139.18,97.20,TRADE
QLD1,2017/01/10 09:30:00,7149.51,97.42,TRADE
QLD1,2017/01/10 10:00:00,7207.15,91.03,TRADE
QLD1,2017/01/10 10:30:00,7194.3,98.18,TRADE
QLD1,2017/01/10 11:00:00,7235.08,104.82,TRADE
QLD1,2017/01/10 11:30:00,7299.61,179.22,TRADE
QLD1,2017/01/10 12:00:00,7376.08,102.86,TRADE
QLD1,2017/01/10 12:30:00,7419.48,118.89,TRADE
QLD1,2017/01/10 13:00:00,7515.48,106.46,TRADE
QLD1,2017/01/10 13:30:00,7592.72,131.58,TRADE
QLD1,2017/01/10 14:00:00,7693.56,153.32,TRADE
QLD1,2017/01/10 14:30:00,7731.37,168.74,TRADE
QLD1,2017/01/10 15:00:00,7864.28,180.67,TRADE
QLD1,2017/01/10 15:30:00,7945.56,192.38,TRADE
QLD1,2017/01/10 16:00:00,8044.73,229.01,TRADE
QLD1,2017/01/10 16:30:00,8182.99,146.80,TRADE
QLD1,2017/01/10 17:00:00,8345.61,100.32,TRADE
QLD1,2017/01/10 17:30:00,8340.74,86.57,TRADE
QLD1,2017/01/10 18:00:00,8205.32,84.25,TRADE
QLD1,2017/01/10 18:30:00,8133.55,77.18,TRADE
QLD1,2017/01/10 19:00:00,8185.66,77.46,TRADE
QLD1,2017/01/10 19:30:00,8186.52,82.19,TRADE
QLD1,2017/01/10 20:00:00,8139.04,84.01,TRADE
QLD1,2017/01/10 20:30:00,7970.85,88.08,TRADE
QLD1,2017/01/10 21:00:00,7720.62,68.49,TRADE
QLD1,2017/01/10 21:30:00,7528.71,60.47,TRADE
QLD1,2017/01/10 22:00:00,7252.9,50.95,TRADE
QLD1,2017/01/10 22:30:00,6959.55,121.19,TRADE
QLD1,2017/01/10 23:00:00,6837.89,96.47,TRADE
QLD1,2017/01/10 23:30:00,6593.12,53.36,TRADE
QLD1,2017/01/11 00:00:00,6259.93,46.81,TRADE
QLD1,2017/01/11 00:30:00,6084.39,50.85,TRADE
QLD1,2017/01/11 01:00:00,5975.36,44.33,TRADE
QLD1,2017/01/11 01:30:00,5862.04,37.20,TRADE
QLD1,2017/01/11 02:00:00,5775.49,35.98,TRADE
QLD1,2017/01/11 02:30:00,5771.87,32.05,TRADE
QLD1,2017/01/11 03:00:00,5738.15,25.73,TRADE
QLD1,2017/01/11 03:30:00,5701.39,38.28,TRADE
QLD1,2017/01/11 04:00:00,5681.08,35.38,TRADE
QLD1,2017/01/11 04:30:00,5760.4,43.28,TRADE
QLD1,2017/01/11 05:00:00,5769.58,46.49,TRADE
QLD1,2017/01/11 05:30:00,5849.2,53.85,TRADE
QLD1,2017/01/11 06:00:00,5980.01,40.17,TRADE
QLD1,2017/01/11 06:30:00,6267.21,53.13,TRADE
QLD1,2017/01/11 07:00:00,6581.59,79.85,TRADE
QLD1,2017/01/11 07:30:00,6897.64,76.44,TRADE
QLD1,2017/01/11 08:00:00,7004.14,81.92,TRADE
QLD1,2017/01/11 08:30:00,7173.36,96.90,TRADE
QLD1,2017/01/11 09:00:00,7327.89,111.51,TRADE
QLD1,2017/01/11 09:30:00,7416.2,120.19,TRADE
QLD1,2017/01/11 10:00:00,7480.96,122.84,TRADE
QLD1,2017/01/11 10:30:00,7538.03,112.28,TRADE
QLD1,2017/01/11 11:00:00,7562.02,131.52,TRADE
QLD1,2017/01/11 11:30:00,7557.4,159.63,TRADE
QLD1,2017/01/11 12:00:00,7677.77,123.86,TRADE
QLD1,2017/01/11 12:30:00,7716.92,114.31,TRADE
QLD1,2017/01/11 13:00:00,7849.53,195.80,TRADE
QLD1,2017/01/11 13:30:00,7949.77,200.43,TRADE
QLD1,2017/01/11 14:00:00,8179.93,127.58,TRADE
QLD1,2017/01/11 14:30:00,8286.28,251.34,TRADE
QLD1,2017/01/11 15:00:00,8318.8,256.03,TRADE
QLD1,2017/01/11 15:30:00,8458.82,293.94,TRADE
QLD1,2017/01/11 16:00:00,8588.36,299.67,TRADE
QLD1,2017/01/11 16:30:00,8570.72,250.99,TRADE
QLD1,2017/01/11 17:00:00,8647.01,323.63,TRADE
QLD1,2017/01/11 17:30:00,8738.9,200.61,TRADE
QLD1,2017/01/11 18:00:00,8629.13,100.25,TRADE
QLD1,2017/01/11 18:30:00,8461.89,100.41,TRADE
QLD1,2017/01/11 19:00:00,8546.57,283.75,TRADE
QLD1,2017/01/11 19:30:00,8523.63,239.06,TRADE
QLD1,2017/01/11 20:00:00,8433.36,147.27,TRADE
QLD1,2017/01/11 20:30:00,8240.8,92.36,TRADE
QLD1,2017/01/11 21:00:00,7999.6,82.97,TRADE
QLD1,2017/01/11 21:30:00,7784.42,77.94,TRADE
QLD1,2017/01/11 22:00:00,7527.29,58.93,TRADE
QLD1,2017/01/11 22:30:00,7215.65,81.11,TRADE
QLD1,2017/01/11 23:00:00,6876.26,2361.08,TRADE
QLD1,2017/01/11 23:30:00,6726.17,48.60,TRADE
QLD1,2017/01/12 00:00:00,6433.03,49.78,TRADE
QLD1,2017/01/12 00:30:00,6287.55,53.22,TRADE
QLD1,2017/01/12 01:00:00,6202.79,51.84,TRADE
QLD1,2017/01/12 01:30:00,6069.81,41.93,TRADE
QLD1,2017/01/12 02:00:00,6002.61,40.48,TRADE
QLD1,2017/01/12 02:30:00,5955.32,38.65,TRADE
QLD1,2017/01/12 03:00:00,5923.09,37.21,TRADE
QLD1,2017/01/12 03:30:00,5896.66,37.68,TRADE
QLD1,2017/01/12 04:00:00,5882.3,37.88,TRADE
QLD1,2017/01/12 04:30:00,5907.99,38.42,TRADE
QLD1,2017/01/12 05:00:00,5916.18,41.96,TRADE
QLD1,2017/01/12 05:30:00,6036.53,42.73,TRADE
QLD1,2017/01/12 06:00:00,6146.91,48.41,TRADE
QLD1,2017/01/12 06:30:00,6437.39,50.98,TRADE
QLD1,2017/01/12 07:00:00,6749.96,60.19,TRADE
QLD1,2017/01/12 07:30:00,7075.59,66.71,TRADE
QLD1,2017/01/12 08:00:00,7265.28,80.57,TRADE
QLD1,2017/01/12 08:30:00,7484.11,93.85,TRADE
QLD1,2017/01/12 09:00:00,7632.25,104.81,TRADE
QLD1,2017/01/12 09:30:00,7680.61,93.23,TRADE
QLD1,2017/01/12 10:00:00,7830.49,97.89,TRADE
QLD1,2017/01/12 10:30:00,7880.87,98.72,TRADE
QLD1,2017/01/12 11:00:00,7944.79,119.73,TRADE
QLD1,2017/01/12 11:30:00,8069.02,129.64,TRADE
QLD1,2017/01/12 12:00:00,8134.51,194.83,TRADE
QLD1,2017/01/12 12:30:00,8273.33,128.36,TRADE
QLD1,2017/01/12 13:00:00,8225.73,2367.55,TRADE
QLD1,2017/01/12 13:30:00,8449.68,127.47,TRADE
QLD1,2017/01/12 14:00:00,8660.3,127.19,TRADE
QLD1,2017/01/12 14:30:00,8700.52,111.04,TRADE
QLD1,2017/01/12 15:00:00,8827.19,118.21,TRADE
QLD1,2017/01/12 15:30:00,8912.59,2458.29,TRADE
QLD1,2017/01/12 16:00:00,8933.12,2428.97,TRADE
QLD1,2017/01/12 16:30:00,8920.6,2363.11,TRADE
QLD1,2017/01/12 17:00:00,8905.77,115.65,TRADE
QLD1,2017/01/12 17:30:00,8916.16,621.81,TRADE
QLD1,2017/01/12 18:00:00,8742.26,2578.37,TRADE
QLD1,2017/01/12 18:30:00,8588.24,2343.31,TRADE
QLD1,2017/01/12 19:00:00,8704.01,2348.18,TRADE
QLD1,2017/01/12 19:30:00,8813.68,90.91,TRADE
QLD1,2017/01/12 20:00:00,8748.88,93.37,TRADE
QLD1,2017/01/12 20:30:00,8670.74,85.56,TRADE
QLD1,2017/01/12 21:00:00,8411.8,111.14,TRADE
QLD1,2017/01/12 21:30:00,8158.37,67.53,TRADE
QLD1,2017/01/12 22:00:00,7778.68,52.68,TRADE
QLD1,2017/01/12 22:30:00,7349.35,85.45,TRADE
QLD1,2017/01/12 23:00:00,7175.57,60.20,TRADE
QLD1,2017/01/12 23:30:00,7015.23,53,TRADE
QLD1,2017/01/13 00:00:00,6702.47,44.68,TRADE
QLD1,2017/01/13 00:30:00,6552.93,50.97,TRADE
QLD1,2017/01/13 01:00:00,6451.44,51.75,TRADE
QLD1,2017/01/13 01:30:00,6337.62,48.61,TRADE
QLD1,2017/01/13 02:00:00,6254.61,45.94,TRADE
QLD1,2017/01/13 02:30:00,6207.11,45.68,TRADE
QLD1,2017/01/13 03:00:00,6184.27,43.41,TRADE
QLD1,2017/01/13 03:30:00,6146.27,48.79,TRADE
QLD1,2017/01/13 04:00:00,6146.01,47.05,TRADE
QLD1,2017/01/13 04:30:00,6148.61,45.56,TRADE
QLD1,2017/01/13 05:00:00,6187.25,47.46,TRADE
QLD1,2017/01/13 05:30:00,6282.55,49.64,TRADE
QLD1,2017/01/13 06:00:00,6422.89,49.14,TRADE
QLD1,2017/01/13 06:30:00,6725.16,65.54,TRADE
QLD1,2017/01/13 07:00:00,6798.97,2295.42,TRADE
QLD1,2017/01/13 07:30:00,7272.28,58.97,TRADE
QLD1,2017/01/13 08:00:00,7572.47,66.46,TRADE
QLD1,2017/01/13 08:30:00,7773.9,93.74,TRADE
QLD1,2017/01/13 09:00:00,7896.72,133.50,TRADE
QLD1,2017/01/13 09:30:00,7999.98,121.79,TRADE
QLD1,2017/01/13 10:00:00,8071.02,98.71,TRADE
QLD1,2017/01/13 10:30:00,8114.72,129.73,TRADE
QLD1,2017/01/13 11:00:00,8188.79,157.46,TRADE
QLD1,2017/01/13 11:30:00,8263.13,110.48,TRADE
QLD1,2017/01/13 12:00:00,8315.55,122.04,TRADE
QLD1,2017/01/13 12:30:00,8403.72,111.10,TRADE
QLD1,2017/01/13 13:00:00,8504.79,132.81,TRADE
QLD1,2017/01/13 13:30:00,8599.58,158.72,TRADE
QLD1,2017/01/13 14:00:00,8622.02,246.28,TRADE
QLD1,2017/01/13 14:30:00,8610.8,128.85,TRADE
QLD1,2017/01/13 15:00:00,8655.62,2439.35,TRADE
QLD1,2017/01/13 15:30:00,8809.04,187.70,TRADE
QLD1,2017/01/13 16:00:00,8961.54,229.55,TRADE
QLD1,2017/01/13 16:30:00,8942.84,2442.28,TRADE
QLD1,2017/01/13 17:00:00,9040.05,13882.77,TRADE
QLD1,2017/01/13 17:30:00,8997.67,2340.34,TRADE
QLD1,2017/01/13 18:00:00,8915.76,106.23,TRADE
QLD1,2017/01/13 18:30:00,8842.77,147.35,TRADE
QLD1,2017/01/13 19:00:00,8698.99,2326.09,TRADE
QLD1,2017/01/13 19:30:00,8673.21,2354.59,TRADE
QLD1,2017/01/13 20:00:00,8672.79,228.14,TRADE
QLD1,2017/01/13 20:30:00,8494.43,2200.28,TRADE
QLD1,2017/01/13 21:00:00,8297.24,91.66,TRADE
QLD1,2017/01/13 21:30:00,8202.25,84.98,TRADE
QLD1,2017/01/13 22:00:00,7924.99,63.06,TRADE
QLD1,2017/01/13 22:30:00,7546.18,346.40,TRADE
QLD1,2017/01/13 23:00:00,7266.39,1765.95,TRADE
QLD1,2017/01/13 23:30:00,7010.27,51.16,TRADE
QLD1,2017/01/14 00:00:00,6730.6,47.65,TRADE
QLD1,2017/01/14 00:30:00,6597.18,132.73,TRADE
QLD1,2017/01/14 01:00:00,6381.96,84.01,TRADE
QLD1,2017/01/14 01:30:00,6301.17,75.51,TRADE
QLD1,2017/01/14 02:00:00,6273.18,52.43,TRADE
QLD1,2017/01/14 02:30:00,6252.85,56.38,TRADE
QLD1,2017/01/14 03:00:00,6200.47,53.72,TRADE
QLD1,2017/01/14 03:30:00,6122.43,46.25,TRADE
QLD1,2017/01/14 04:00:00,6078.5,50.43,TRADE
QLD1,2017/01/14 04:30:00,6098.25,52.04,TRADE
QLD1,2017/01/14 05:00:00,6069.67,46.67,TRADE
QLD1,2017/01/14 05:30:00,6085.19,48.79,TRADE
QLD1,2017/01/14 06:00:00,6132.77,49.11,TRADE
QLD1,2017/01/14 06:30:00,6320.21,56.43,TRADE
QLD1,2017/01/14 07:00:00,6234.13,2320.28,TRADE
QLD1,2017/01/14 07:30:00,6532.27,55.41,TRADE
QLD1,2017/01/14 08:00:00,6773.83,65.21,TRADE
QLD1,2017/01/14 08:30:00,7027.57,66.55,TRADE
QLD1,2017/01/14 09:00:00,7315.78,124.58,TRADE
QLD1,2017/01/14 09:30:00,7494.88,127.40,TRADE
QLD1,2017/01/14 10:00:00,7547.82,118.03,TRADE
QLD1,2017/01/14 10:30:00,7589.51,297.31,TRADE
QLD1,2017/01/14 11:00:00,7666.61,344.91,TRADE
QLD1,2017/01/14 11:30:00,7788.38,80.93,TRADE
QLD1,2017/01/14 12:00:00,7944.31,85.57,TRADE
QLD1,2017/01/14 12:30:00,8009.51,264.06,TRADE
QLD1,2017/01/14 13:00:00,7954.79,131.84,TRADE
QLD1,2017/01/14 13:30:00,8105.11,2381.47,TRADE
QLD1,2017/01/14 14:00:00,8112.96,254.50,TRADE
QLD1,2017/01/14 14:30:00,8140.27,2412.34,TRADE
QLD1,2017/01/14 15:00:00,8291.12,2276.64,TRADE
QLD1,2017/01/14 15:30:00,8359.59,2452.85,TRADE
QLD1,2017/01/14 16:00:00,8473.26,2448.08,TRADE
QLD1,2017/01/14 16:30:00,8558.71,12641.69,TRADE
QLD1,2017/01/14 17:00:00,8587.6,8594.83,TRADE
QLD1,2017/01/14 17:30:00,8664.23,9126.80,TRADE
QLD1,2017/01/14 18:00:00,8546.68,2376.38,TRADE
QLD1,2017/01/14 18:30:00,8467.92,4208.57,TRADE
QLD1,2017/01/14 19:00:00,8470.08,10416.96,TRADE
QLD1,2017/01/14 19:30:00,8542.07,474.06,TRADE
QLD1,2017/01/14 20:00:00,8535.05,2397.93,TRADE
QLD1,2017/01/14 20:30:00,8467.57,518.45,TRADE
QLD1,2017/01/14 21:00:00,8257.43,100.12,TRADE
QLD1,2017/01/14 21:30:00,8192.45,89.72,TRADE
QLD1,2017/01/14 22:00:00,7879.83,52.62,TRADE
QLD1,2017/01/14 22:30:00,7555.98,160.81,TRADE
QLD1,2017/01/14 23:00:00,7437.6,2195.38,TRADE
QLD1,2017/01/14 23:30:00,7105.49,133.95,TRADE
QLD1,2017/01/15 00:00:00,6834.78,101.13,TRADE
QLD1,2017/01/15 00:30:00,6658.98,77.24,TRADE
QLD1,2017/01/15 01:00:00,6567.97,86.92,TRADE
QLD1,2017/01/15 01:30:00,6458.4,57.65,TRADE
QLD1,2017/01/15 02:00:00,6339.67,59.37,TRADE
QLD1,2017/01/15 02:30:00,6297.09,61.06,TRADE
QLD1,2017/01/15 03:00:00,6283.07,60.63,TRADE
QLD1,2017/01/15 03:30:00,6191.22,61.38,TRADE
QLD1,2017/01/15 04:00:00,6199.22,62.36,TRADE
QLD1,2017/01/15 04:30:00,6155.65,52.35,TRADE
QLD1,2017/01/15 05:00:00,6142.94,47.78,TRADE
QLD1,2017/01/15 05:30:00,6168.44,47.88,TRADE
QLD1,2017/01/15 06:00:00,6164.2,49.64,TRADE
QLD1,2017/01/15 06:30:00,6220.43,48.91,TRADE
QLD1,2017/01/15 07:00:00,6304.02,48.64,TRADE
QLD1,2017/01/15 07:30:00,6461.03,48.32,TRADE
QLD1,2017/01/15 08:00:00,6524.88,47.44,TRADE
QLD1,2017/01/15 08:30:00,6587.85,46.50,TRADE
QLD1,2017/01/15 09:00:00,6644.63,49.36,TRADE
QLD1,2017/01/15 09:30:00,6849.75,66.16,TRADE
QLD1,2017/01/15 10:00:00,7050.02,86.58,TRADE
QLD1,2017/01/15 10:30:00,7169.51,130.09,TRADE
QLD1,2017/01/15 11:00:00,7113.95,305.45,TRADE
QLD1,2017/01/15 11:30:00,7178.54,313.26,TRADE
QLD1,2017/01/15 12:00:00,7371.86,170.43,TRADE
QLD1,2017/01/15 12:30:00,7418.86,2609.08,TRADE
QLD1,2017/01/15 13:00:00,7532.92,86.31,TRADE
QLD1,2017/01/15 13:30:00,7639.5,92.60,TRADE
QLD1,2017/01/15 14:00:00,7689.91,115.32,TRADE
QLD1,2017/01/15 14:30:00,7720.19,122.39,TRADE
QLD1,2017/01/15 15:00:00,7731.54,89.53,TRADE
QLD1,2017/01/15 15:30:00,7867.22,75.28,TRADE
QLD1,2017/01/15 16:00:00,7901.6,88.33,TRADE
QLD1,2017/01/15 16:30:00,7950.56,129.88,TRADE
QLD1,2017/01/15 17:00:00,7981.35,101.65,TRADE
QLD1,2017/01/15 17:30:00,7987.57,121.56,TRADE
QLD1,2017/01/15 18:00:00,7951.91,79.51,TRADE
QLD1,2017/01/15 18:30:00,7985.26,67.88,TRADE
QLD1,2017/01/15 19:00:00,7979.03,67.92,TRADE
QLD1,2017/01/15 19:30:00,7980.25,61.01,TRADE
QLD1,2017/01/15 20:00:00,7957.1,88.28,TRADE
QLD1,2017/01/15 20:30:00,7831.65,66.78,TRADE
QLD1,2017/01/15 21:00:00,7619.09,63.12,TRADE
QLD1,2017/01/15 21:30:00,7408.79,57.55,TRADE
QLD1,2017/01/15 22:00:00,7133.25,46.90,TRADE
QLD1,2017/01/15 22:30:00,6829.6,53.07,TRADE
QLD1,2017/01/15 23:00:00,6733.16,58.05,TRADE
QLD1,2017/01/15 23:30:00,6472.35,273.63,TRADE
QLD1,2017/01/16 00:00:00,6120.74,47.62,TRADE
QLD1,2017/01/16 00:30:00,6077.12,47.39,TRADE
QLD1,2017/01/16 01:00:00,6019.76,46.44,TRADE
QLD1,2017/01/16 01:30:00,5886.03,47.23,TRADE
QLD1,2017/01/16 02:00:00,5797.31,46.29,TRADE
QLD1,2017/01/16 02:30:00,5794.99,47.73,TRADE
QLD1,2017/01/16 03:00:00,5780.8,52.27,TRADE
QLD1,2017/01/16 03:30:00,5730.25,46.25,TRADE
QLD1,2017/01/16 04:00:00,5693.32,48.51,TRADE
QLD1,2017/01/16 04:30:00,5725.01,55.81,TRADE
QLD1,2017/01/16 05:00:00,5794.59,62.62,TRADE
QLD1,2017/01/16 05:30:00,5915.59,64.88,TRADE
QLD1,2017/01/16 06:00:00,6099.28,69.67,TRADE
QLD1,2017/01/16 06:30:00,6379.56,78.31,TRADE
QLD1,2017/01/16 07:00:00,6583.62,119.23,TRADE
QLD1,2017/01/16 07:30:00,6940.9,98.55,TRADE
QLD1,2017/01/16 08:00:00,7178.94,98.80,TRADE
QLD1,2017/01/16 08:30:00,7363.03,100.13,TRADE
QLD1,2017/01/16 09:00:00,7568.33,104.60,TRADE
QLD1,2017/01/16 09:30:00,7541.66,102.27,TRADE
QLD1,2017/01/16 10:00:00,7575,117.93,TRADE
QLD1,2017/01/16 10:30:00,7635.7,98.15,TRADE
QLD1,2017/01/16 11:00:00,7741.89,96.02,TRADE
QLD1,2017/01/16 11:30:00,7819.24,97.78,TRADE
QLD1,2017/01/16 12:00:00,7900.25,98.97,TRADE
QLD1,2017/01/16 12:30:00,7934.62,144.51,TRADE
QLD1,2017/01/16 13:00:00,8028.78,105.34,TRADE
QLD1,2017/01/16 13:30:00,8148.35,152.81,TRADE
QLD1,2017/01/16 14:00:00,8210.32,154.67,TRADE
QLD1,2017/01/16 14:30:00,8302.27,174.28,TRADE
QLD1,2017/01/16 15:00:00,8371.69,162.24,TRADE
QLD1,2017/01/16 15:30:00,8465.18,189.85,TRADE
QLD1,2017/01/16 16:00:00,8519.55,290.89,TRADE
QLD1,2017/01/16 16:30:00,8585.15,314.42,TRADE
QLD1,2017/01/16 17:00:00,8715.95,295.64,TRADE
QLD1,2017/01/16 17:30:00,8679.16,138.26,TRADE
QLD1,2017/01/16 18:00:00,8568.38,103.10,TRADE
QLD1,2017/01/16 18:30:00,8472.41,115.26,TRADE
QLD1,2017/01/16 19:00:00,8501.51,133.60,TRADE
QLD1,2017/01/16 19:30:00,8531.94,75.46,TRADE
QLD1,2017/01/16 20:00:00,8587.92,98.08,TRADE
QLD1,2017/01/16 20:30:00,8431.33,88.84,TRADE
QLD1,2017/01/16 21:00:00,8113.43,64.82,TRADE
QLD1,2017/01/16 21:30:00,7841.69,60.20,TRADE
QLD1,2017/01/16 22:00:00,7528.2,54.46,TRADE
QLD1,2017/01/16 22:30:00,7167.24,69.53,TRADE
QLD1,2017/01/16 23:00:00,7030.86,85.14,TRADE
QLD1,2017/01/16 23:30:00,6737.58,60.50,TRADE
QLD1,2017/01/17 00:00:00,6387.25,53.59,TRADE
QLD1,2017/01/17 00:30:00,6203.71,63.10,TRADE
QLD1,2017/01/17 01:00:00,6122.24,64.39,TRADE
QLD1,2017/01/17 01:30:00,6006.51,59.82,TRADE
QLD1,2017/01/17 02:00:00,5926.19,58.35,TRADE
QLD1,2017/01/17 02:30:00,5920.97,69.12,TRADE
QLD1,2017/01/17 03:00:00,5924.27,77.48,TRADE
QLD1,2017/01/17 03:30:00,5852.33,83.53,TRADE
QLD1,2017/01/17 04:00:00,5873.42,85.46,TRADE
QLD1,2017/01/17 04:30:00,5888.41,74.74,TRADE
QLD1,2017/01/17 05:00:00,5902.89,64.87,TRADE
QLD1,2017/01/17 05:30:00,6036.52,54.86,TRADE
QLD1,2017/01/17 06:00:00,6177.15,71.40,TRADE
QLD1,2017/01/17 06:30:00,6443.36,69.45,TRADE
QLD1,2017/01/17 07:00:00,6741.74,100.51,TRADE
QLD1,2017/01/17 07:30:00,7090.05,77.99,TRADE
QLD1,2017/01/17 08:00:00,7262.92,93.10,TRADE
QLD1,2017/01/17 08:30:00,7470.98,142.17,TRADE
QLD1,2017/01/17 09:00:00,7539.25,314.35,TRADE
QLD1,2017/01/17 09:30:00,7541.82,135.15,TRADE
QLD1,2017/01/17 10:00:00,7612.09,99.80,TRADE
QLD1,2017/01/17 10:30:00,7663.25,94.79,TRADE
QLD1,2017/01/17 11:00:00,7736.3,146.41,TRADE
QLD1,2017/01/17 11:30:00,7829.37,126.38,TRADE
QLD1,2017/01/17 12:00:00,7920.69,129.70,TRADE
QLD1,2017/01/17 12:30:00,7986.4,156.54,TRADE
QLD1,2017/01/17 13:00:00,8061.59,199.15,TRADE
QLD1,2017/01/17 13:30:00,8165.85,193.48,TRADE
QLD1,2017/01/17 14:00:00,8236.65,248.18,TRADE
QLD1,2017/01/17 14:30:00,8373.56,247.68,TRADE
QLD1,2017/01/17 15:00:00,8447.84,283.07,TRADE
QLD1,2017/01/17 15:30:00,8522.56,336.57,TRADE
QLD1,2017/01/17 16:00:00,8623.88,397.73,TRADE
QLD1,2017/01/17 16:30:00,8735.56,293.99,TRADE
QLD1,2017/01/17 17:00:00,8872.34,292.49,TRADE
QLD1,2017/01/17 17:30:00,8852.34,414.61,TRADE
QLD1,2017/01/17 18:00:00,8720.28,281.55,TRADE
QLD1,2017/01/17 18:30:00,8605.84,263.60,TRADE
QLD1,2017/01/17 19:00:00,8628.9,233.75,TRADE
QLD1,2017/01/17 19:30:00,8651.01,129.44,TRADE
QLD1,2017/01/17 20:00:00,8580.75,260.39,TRADE
QLD1,2017/01/17 20:30:00,8389.92,180.41,TRADE
QLD1,2017/01/17 21:00:00,8076.57,105.34,TRADE
QLD1,2017/01/17 21:30:00,7832.17,87.05,TRADE
QLD1,2017/01/17 22:00:00,7513.28,67.47,TRADE
QLD1,2017/01/17 22:30:00,7181.38,87.76,TRADE
QLD1,2017/01/17 23:00:00,7040.49,91.40,TRADE
QLD1,2017/01/17 23:30:00,6766.01,72.31,TRADE
QLD1,2017/01/18 00:00:00,6408.44,64.76,TRADE
QLD1,2017/01/18 00:30:00,6242.53,64.76,TRADE
QLD1,2017/01/18 01:00:00,6154.45,61.05,TRADE
QLD1,2017/01/18 01:30:00,6022.19,61.03,TRADE
QLD1,2017/01/18 02:00:00,5928.96,67.05,TRADE
QLD1,2017/01/18 02:30:00,5909.66,65.01,TRADE
QLD1,2017/01/18 03:00:00,5859.18,59.91,TRADE
QLD1,2017/01/18 03:30:00,5839.51,59.35,TRADE
QLD1,2017/01/18 04:00:00,5826.91,59.93,TRADE
QLD1,2017/01/18 04:30:00,5861.86,52.42,TRADE
QLD1,2017/01/18 05:00:00,5877.47,45.52,TRADE
QLD1,2017/01/18 05:30:00,6012.61,59.98,TRADE
QLD1,2017/01/18 06:00:00,6114.12,75.74,TRADE
QLD1,2017/01/18 06:30:00,6425.19,90.45,TRADE
QLD1,2017/01/18 07:00:00,6632.66,187.62,TRADE
QLD1,2017/01/18 07:30:00,6960.57,96.23,TRADE
QLD1,2017/01/18 08:00:00,7156.76,107.90,TRADE
QLD1,2017/01/18 08:30:00,7384.95,104.85,TRADE
QLD1,2017/01/18 09:00:00,7466.44,179.04,TRADE
QLD1,2017/01/18 09:30:00,7495.25,197.98,TRADE
QLD1,2017/01/18 10:00:00,7553.21,100.35,TRADE
QLD1,2017/01/18 10:30:00,7656.32,160.83,TRADE
QLD1,2017/01/18 11:00:00,7799.96,166.10,TRADE
QLD1,2017/01/18 11:30:00,7954.45,123.93,TRADE
QLD1,2017/01/18 12:00:00,8116.02,126.93,TRADE
QLD1,2017/01/18 12:30:00,8238.63,127.07,TRADE
QLD1,2017/01/18 13:00:00,8426.22,163.31,TRADE
QLD1,2017/01/18 13:30:00,8601.9,194.35,TRADE
QLD1,2017/01/18 14:00:00,8785.33,168.16,TRADE
QLD1,2017/01/18 14:30:00,8907.86,206.47,TRADE
QLD1,2017/01/18 15:00:00,8997.49,322.97,TRADE
QLD1,2017/01/18 15:30:00,9134.85,141.45,TRADE
QLD1,2017/01/18 16:00:00,9261.78,145.11,TRADE
QLD1,2017/01/18 16:30:00,9314.12,479.19,TRADE
QLD1,2017/01/18 17:00:00,9332.25,2404.56,TRADE
QLD1,2017/01/18 17:30:00,9317.89,76.27,TRADE
QLD1,2017/01/18 18:00:00,9324.26,70.14,TRADE
QLD1,2017/01/18 18:30:00,9278.84,67.84,TRADE
QLD1,2017/01/18 19:00:00,9357.09,280.85,TRADE
QLD1,2017/01/18 19:30:00,9310.44,298.73,TRADE
QLD1,2017/01/18 20:00:00,9216.33,306.58,TRADE
QLD1,2017/01/18 20:30:00,9006.38,162.44,TRADE
QLD1,2017/01/18 21:00:00,8760.8,98.32,TRADE
QLD1,2017/01/18 21:30:00,8504.46,72.84,TRADE
QLD1,2017/01/18 22:00:00,8105.21,57.99,TRADE
QLD1,2017/01/18 22:30:00,7693.1,108.49,TRADE
QLD1,2017/01/18 23:00:00,7430.29,274.47,TRADE
QLD1,2017/01/18 23:30:00,7106.48,53.81,TRADE
QLD1,2017/01/19 00:00:00,6747.46,49.83,TRADE
QLD1,2017/01/19 00:30:00,6569.77,52.23,TRADE
QLD1,2017/01/19 01:00:00,6469.9,60.97,TRADE
QLD1,2017/01/19 01:30:00,6280.12,60.62,TRADE
QLD1,2017/01/19 02:00:00,6212.91,55.57,TRADE
QLD1,2017/01/19 02:30:00,6163.58,48.73,TRADE
QLD1,2017/01/19 03:00:00,6112.04,48.81,TRADE
QLD1,2017/01/19 03:30:00,6108.86,48.37,TRADE
QLD1,2017/01/19 04:00:00,6085.4,48.10,TRADE
QLD1,2017/01/19 04:30:00,6143.59,55.92,TRADE
QLD1,2017/01/19 05:00:00,6190.2,49.06,TRADE
QLD1,2017/01/19 05:30:00,6342.81,50.17,TRADE
QLD1,2017/01/19 06:00:00,6485.52,45.50,TRADE
QLD1,2017/01/19 06:30:00,6858.8,50.46,TRADE
QLD1,2017/01/19 07:00:00,7012.99,58.65,TRADE
QLD1,2017/01/19 07:30:00,7458.39,70.92,TRADE
QLD1,2017/01/19 08:00:00,7722.96,87.47,TRADE
QLD1,2017/01/19 08:30:00,7916.94,124.29,TRADE
QLD1,2017/01/19 09:00:00,7976.13,365.92,TRADE
QLD1,2017/01/19 09:30:00,7987.29,193.05,TRADE
QLD1,2017/01/19 10:00:00,8054.19,103.40,TRADE
QLD1,2017/01/19 10:30:00,8091.72,108.72,TRADE
QLD1,2017/01/19 11:00:00,8151.97,212.15,TRADE
QLD1,2017/01/19 11:30:00,8209.63,98.64,TRADE
QLD1,2017/01/19 12:00:00,8273.78,99.84,TRADE
QLD1,2017/01/19 12:30:00,8295.43,98.27,TRADE
QLD1,2017/01/19 13:00:00,8334.54,107.64,TRADE
QLD1,2017/01/19 13:30:00,8370.55,98.77,TRADE
QLD1,2017/01/19 14:00:00,8497.74,100.10,TRADE
QLD1,2017/01/19 14:30:00,8502.74,98.66,TRADE
QLD1,2017/01/19 15:00:00,8486.94,104.04,TRADE
QLD1,2017/01/19 15:30:00,8534,108.01,TRADE
QLD1,2017/01/19 16:00:00,8555.3,158.65,TRADE
QLD1,2017/01/19 16:30:00,8543.53,98.38,TRADE
QLD1,2017/01/19 17:00:00,8548.79,133.89,TRADE
QLD1,2017/01/19 17:30:00,8502.13,108.68,TRADE
QLD1,2017/01/19 18:00:00,8459.2,68.76,TRADE
QLD1,2017/01/19 18:30:00,8376.88,68.46,TRADE
QLD1,2017/01/19 19:00:00,8463.5,98.34,TRADE
QLD1,2017/01/19 19:30:00,8475.58,98.09,TRADE
QLD1,2017/01/19 20:00:00,8383.74,98.34,TRADE
QLD1,2017/01/19 20:30:00,8238.65,92.13,TRADE
QLD1,2017/01/19 21:00:00,7974.76,60.94,TRADE
QLD1,2017/01/19 21:30:00,7707.66,59.37,TRADE
QLD1,2017/01/19 22:00:00,7414.97,50.63,TRADE
QLD1,2017/01/19 22:30:00,7106.65,56.41,TRADE
QLD1,2017/01/19 23:00:00,6973.63,59.36,TRADE
QLD1,2017/01/19 23:30:00,6713.9,50.51,TRADE
QLD1,2017/01/20 00:00:00,6364.71,44.97,TRADE
QLD1,2017/01/20 00:30:00,6240.06,48.98,TRADE
QLD1,2017/01/20 01:00:00,6184.8,51.98,TRADE
QLD1,2017/01/20 01:30:00,6062.88,56.04,TRADE
QLD1,2017/01/20 02:00:00,5998.88,47.87,TRADE
QLD1,2017/01/20 02:30:00,5972.13,46.05,TRADE
QLD1,2017/01/20 03:00:00,5941.63,45.02,TRADE
QLD1,2017/01/20 03:30:00,5890.14,44.53,TRADE
QLD1,2017/01/20 04:00:00,5905.13,44.56,TRADE
QLD1,2017/01/20 04:30:00,5929.57,44.79,TRADE
QLD1,2017/01/20 05:00:00,5994.48,41.72,TRADE
QLD1,2017/01/20 05:30:00,6161.92,48.76,TRADE
QLD1,2017/01/20 06:00:00,6291.91,49.71,TRADE
QLD1,2017/01/20 06:30:00,6601.63,52.40,TRADE
QLD1,2017/01/20 07:00:00,6874.22,52.97,TRADE
QLD1,2017/01/20 07:30:00,7159.53,50.26,TRADE
QLD1,2017/01/20 08:00:00,7338.7,57.24,TRADE
QLD1,2017/01/20 08:30:00,7483.9,61.02,TRADE
QLD1,2017/01/20 09:00:00,7552.57,78.05,TRADE
QLD1,2017/01/20 09:30:00,7682.42,94.86,TRADE
QLD1,2017/01/20 10:00:00,7757.99,63.79,TRADE
QLD1,2017/01/20 10:30:00,7843.86,86.67,TRADE
QLD1,2017/01/20 11:00:00,7997.12,437.73,TRADE
QLD1,2017/01/20 11:30:00,8094.85,76.19,TRADE
QLD1,2017/01/20 12:00:00,8241.35,98.72,TRADE
QLD1,2017/01/20 12:30:00,8261.48,98.71,TRADE
QLD1,2017/01/20 13:00:00,8333.05,98.75,TRADE
QLD1,2017/01/20 13:30:00,8444.53,188.43,TRADE
QLD1,2017/01/20 14:00:00,8474.84,447.30,TRADE
QLD1,2017/01/20 14:30:00,8535.81,89.94,TRADE
QLD1,2017/01/20 15:00:00,8810.36,2382.27,TRADE
QLD1,2017/01/20 15:30:00,8709.42,64.88,TRADE
QLD1,2017/01/20 16:00:00,8982.58,94.63,TRADE
QLD1,2017/01/20 16:30:00,9092.62,140.49,TRADE
QLD1,2017/01/20 17:00:00,9169.78,2457.65,TRADE
QLD1,2017/01/20 17:30:00,8995,419.61,TRADE
QLD1,2017/01/20 18:00:00,8967.39,73.47,TRADE
QLD1,2017/01/20 18:30:00,8891.14,84.17,TRADE
QLD1,2017/01/20 19:00:00,8917.29,95.92,TRADE
QLD1,2017/01/20 19:30:00,8971.5,115.88,TRADE
QLD1,2017/01/20 20:00:00,8945.26,97.83,TRADE
QLD1,2017/01/20 20:30:00,8841.65,99.16,TRADE
QLD1,2017/01/20 21:00:00,8556.81,77.41,TRADE
QLD1,2017/01/20 21:30:00,8348.85,77.73,TRADE
QLD1,2017/01/20 22:00:00,8054.39,57.59,TRADE
QLD1,2017/01/20 22:30:00,7699.79,57.74,TRADE
QLD1,2017/01/20 23:00:00,7495.7,56.49,TRADE
QLD1,2017/01/20 23:30:00,7130.82,373.79,TRADE
QLD1,2017/01/21 00:00:00,6788.26,53.50,TRADE
QLD1,2017/01/21 00:30:00,6617.05,269.16,TRADE
QLD1,2017/01/21 01:00:00,6519.32,56.77,TRADE
QLD1,2017/01/21 01:30:00,6460.21,53.30,TRADE
QLD1,2017/01/21 02:00:00,6369.81,45.70,TRADE
QLD1,2017/01/21 02:30:00,6303.03,44.28,TRADE
QLD1,2017/01/21 03:00:00,6339.24,43.23,TRADE
QLD1,2017/01/21 03:30:00,6270.15,41.19,TRADE
QLD1,2017/01/21 04:00:00,6244.63,40.31,TRADE
QLD1,2017/01/21 04:30:00,6237.57,46.82,TRADE
QLD1,2017/01/21 05:00:00,6253.28,46.22,TRADE
QLD1,2017/01/21 05:30:00,6315.06,46.37,TRADE
QLD1,2017/01/21 06:00:00,6278.77,45.40,TRADE
QLD1,2017/01/21 06:30:00,6417.49,50.78,TRADE
QLD1,2017/01/21 07:00:00,6570.7,59.13,TRADE
QLD1,2017/01/21 07:30:00,6806.24,51.94,TRADE
QLD1,2017/01/21 08:00:00,6902.87,58.83,TRADE
QLD1,2017/01/21 08:30:00,7209.67,63.18,TRADE
QLD1,2017/01/21 09:00:00,7421.3,61.47,TRADE
QLD1,2017/01/21 09:30:00,7483.57,71.65,TRADE
QLD1,2017/01/21 10:00:00,7518.85,66.63,TRADE
QLD1,2017/01/21 10:30:00,7643.59,113.68,TRADE
QLD1,2017/01/21 11:00:00,7820.24,242.68,TRADE
QLD1,2017/01/21 11:30:00,7910.67,67.01,TRADE
QLD1,2017/01/21 12:00:00,7994.68,76.58,TRADE
QLD1,2017/01/21 12:30:00,8076.77,106.46,TRADE
QLD1,2017/01/21 13:00:00,8114.24,66.84,TRADE
QLD1,2017/01/21 13:30:00,8157.65,98.80,TRADE
QLD1,2017/01/21 14:00:00,8101.69,137.84,TRADE
QLD1,2017/01/21 14:30:00,8029.53,96.95,TRADE
QLD1,2017/01/21 15:00:00,7962.33,61.82,TRADE
QLD1,2017/01/21 15:30:00,7885.08,63.84,TRADE
QLD1,2017/01/21 16:00:00,7910.43,67.29,TRADE
QLD1,2017/01/21 16:30:00,7913.33,64,TRADE
QLD1,2017/01/21 17:00:00,7869.56,61.77,TRADE
QLD1,2017/01/21 17:30:00,7872.99,61,TRADE
QLD1,2017/01/21 18:00:00,7742.95,60.72,TRADE
QLD1,2017/01/21 18:30:00,7669.97,59.53,TRADE
QLD1,2017/01/21 19:00:00,7722.66,60.78,TRADE
QLD1,2017/01/21 19:30:00,7727.28,61.18,TRADE
QLD1,2017/01/21 20:00:00,7697.95,61.25,TRADE
QLD1,2017/01/21 20:30:00,7594.99,61.70,TRADE
QLD1,2017/01/21 21:00:00,7355.13,56.02,TRADE
QLD1,2017/01/21 21:30:00,7256.23,49.29,TRADE
QLD1,2017/01/21 22:00:00,7059.95,45.65,TRADE
QLD1,2017/01/21 22:30:00,6865.04,53,TRADE
QLD1,2017/01/21 23:00:00,6796.97,50.96,TRADE
QLD1,2017/01/21 23:30:00,6585.04,50.58,TRADE
QLD1,2017/01/22 00:00:00,6274.74,47.33,TRADE
QLD1,2017/01/22 00:30:00,6171.05,40.02,TRADE
QLD1,2017/01/22 01:00:00,6074.17,47.59,TRADE
QLD1,2017/01/22 01:30:00,5916.58,42.44,TRADE
QLD1,2017/01/22 02:00:00,5830.11,37.26,TRADE
QLD1,2017/01/22 02:30:00,5826.9,40.46,TRADE
QLD1,2017/01/22 03:00:00,5787.44,37.45,TRADE
QLD1,2017/01/22 03:30:00,5753.07,36.98,TRADE
QLD1,2017/01/22 04:00:00,5727.4,34.97,TRADE
QLD1,2017/01/22 04:30:00,5708.86,37.93,TRADE
QLD1,2017/01/22 05:00:00,5741.69,34.50,TRADE
QLD1,2017/01/22 05:30:00,5757,37.25,TRADE
QLD1,2017/01/22 06:00:00,5709.64,36.25,TRADE
QLD1,2017/01/22 06:30:00,5767.75,39.51,TRADE
QLD1,2017/01/22 07:00:00,5878.47,44.55,TRADE
QLD1,2017/01/22 07:30:00,6015.72,46.55,TRADE
QLD1,2017/01/22 08:00:00,6083.71,48.11,TRADE
QLD1,2017/01/22 08:30:00,6221.42,53.32,TRADE
QLD1,2017/01/22 09:00:00,6270.29,56.42,TRADE
QLD1,2017/01/22 09:30:00,6372,59.76,TRADE
QLD1,2017/01/22 10:00:00,6410.65,58.42,TRADE
QLD1,2017/01/22 10:30:00,6438.99,60.62,TRADE
QLD1,2017/01/22 11:00:00,6411.31,56.69,TRADE
QLD1,2017/01/22 11:30:00,6464.64,51.86,TRADE
QLD1,2017/01/22 12:00:00,6566.75,58.16,TRADE
QLD1,2017/01/22 12:30:00,6633.08,56.46,TRADE
QLD1,2017/01/22 13:00:00,6707.33,56.23,TRADE
QLD1,2017/01/22 13:30:00,6777.22,54.65,TRADE
QLD1,2017/01/22 14:00:00,6749.35,61.28,TRADE
QLD1,2017/01/22 14:30:00,6816.77,69.29,TRADE
QLD1,2017/01/22 15:00:00,6847.58,79.86,TRADE
QLD1,2017/01/22 15:30:00,6935.86,85.81,TRADE
QLD1,2017/01/22 16:00:00,7014.99,112.61,TRADE
QLD1,2017/01/22 16:30:00,7079.72,89.95,TRADE
QLD1,2017/01/22 17:00:00,7215.29,108.79,TRADE
QLD1,2017/01/22 17:30:00,7305.78,130.58,TRADE
QLD1,2017/01/22 18:00:00,7337.89,158.35,TRADE
QLD1,2017/01/22 18:30:00,7416.9,91.44,TRADE
QLD1,2017/01/22 19:00:00,7451.69,123.36,TRADE
QLD1,2017/01/22 19:30:00,7496.59,93.41,TRADE
QLD1,2017/01/22 20:00:00,7437.86,110.22,TRADE
QLD1,2017/01/22 20:30:00,7364.86,103.02,TRADE
QLD1,2017/01/22 21:00:00,7217.43,82.52,TRADE
QLD1,2017/01/22 21:30:00,7037.18,68.27,TRADE
QLD1,2017/01/22 22:00:00,6798.73,53.84,TRADE
QLD1,2017/01/22 22:30:00,6565.43,123.98,TRADE
QLD1,2017/01/22 23:00:00,6493.34,141.95,TRADE
QLD1,2017/01/22 23:30:00,6304.34,100.92,TRADE
QLD1,2017/01/23 00:00:00,6036.02,71.68,TRADE
QLD1,2017/01/23 00:30:00,5839.75,65.25,TRADE
QLD1,2017/01/23 01:00:00,5722.81,62.62,TRADE
QLD1,2017/01/23 01:30:00,5656.39,61.71,TRADE
QLD1,2017/01/23 02:00:00,5600.53,59.69,TRADE
QLD1,2017/01/23 02:30:00,5624.27,56.04,TRADE
QLD1,2017/01/23 03:00:00,5606.34,47.77,TRADE
QLD1,2017/01/23 03:30:00,5593.82,54.48,TRADE
QLD1,2017/01/23 04:00:00,5559.84,55.52,TRADE
QLD1,2017/01/23 04:30:00,5650.65,63.90,TRADE
QLD1,2017/01/23 05:00:00,5704.47,62.44,TRADE
QLD1,2017/01/23 05:30:00,5870.79,53.83,TRADE
QLD1,2017/01/23 06:00:00,6041.44,49.15,TRADE
QLD1,2017/01/23 06:30:00,6346.83,59.40,TRADE
QLD1,2017/01/23 07:00:00,6576.98,73.76,TRADE
QLD1,2017/01/23 07:30:00,6955.4,61.01,TRADE
QLD1,2017/01/23 08:00:00,7066.98,81.76,TRADE
QLD1,2017/01/23 08:30:00,7170.36,95.94,TRADE
QLD1,2017/01/23 09:00:00,7173.34,95.11,TRADE
QLD1,2017/01/23 09:30:00,7170.78,98.67,TRADE
QLD1,2017/01/23 10:00:00,7164.92,91.10,TRADE
QLD1,2017/01/23 10:30:00,7184.09,97.47,TRADE
QLD1,2017/01/23 11:00:00,7214.96,103.03,TRADE
QLD1,2017/01/23 11:30:00,7192.31,94.13,TRADE
QLD1,2017/01/23 12:00:00,7252.5,97.75,TRADE
QLD1,2017/01/23 12:30:00,7313.47,99.72,TRADE
QLD1,2017/01/23 13:00:00,7278.23,103.45,TRADE
QLD1,2017/01/23 13:30:00,7354.97,110.59,TRADE
QLD1,2017/01/23 14:00:00,7431,125.73,TRADE
QLD1,2017/01/23 14:30:00,7519.76,98.94,TRADE
QLD1,2017/01/23 15:00:00,7584.29,98.75,TRADE
QLD1,2017/01/23 15:30:00,7680.01,95.44,TRADE
QLD1,2017/01/23 16:00:00,7814.36,124.52,TRADE
QLD1,2017/01/23 16:30:00,7955.86,102.23,TRADE
QLD1,2017/01/23 17:00:00,8057,135.44,TRADE
QLD1,2017/01/23 17:30:00,8023.35,95.57,TRADE
QLD1,2017/01/23 18:00:00,8022.78,87.62,TRADE
QLD1,2017/01/23 18:30:00,7942.77,86.31,TRADE
QLD1,2017/01/23 19:00:00,7989.5,96.28,TRADE
QLD1,2017/01/23 19:30:00,8032.92,102.61,TRADE
QLD1,2017/01/23 20:00:00,7982.27,160.78,TRADE
QLD1,2017/01/23 20:30:00,7842.37,97.80,TRADE
QLD1,2017/01/23 21:00:00,7605.73,77.09,TRADE
QLD1,2017/01/23 21:30:00,7412.8,72.54,TRADE
QLD1,2017/01/23 22:00:00,7114.51,61.03,TRADE
QLD1,2017/01/23 22:30:00,6787.81,108.34,TRADE
QLD1,2017/01/23 23:00:00,6658.54,108.50,TRADE
QLD1,2017/01/23 23:30:00,6448.83,55.61,TRADE
QLD1,2017/01/24 00:00:00,6125.28,44.85,TRADE
QLD1,2017/01/24 00:30:00,5992.7,44.10,TRADE
QLD1,2017/01/24 01:00:00,5935.14,45.10,TRADE
QLD1,2017/01/24 01:30:00,5794.22,49.15,TRADE
QLD1,2017/01/24 02:00:00,5702.27,43.85,TRADE
QLD1,2017/01/24 02:30:00,5673.68,41.45,TRADE
QLD1,2017/01/24 03:00:00,5636.99,41.92,TRADE
QLD1,2017/01/24 03:30:00,5645.65,40.49,TRADE
QLD1,2017/01/24 04:00:00,5570.59,41.18,TRADE
QLD1,2017/01/24 04:30:00,5664.39,45.37,TRADE
QLD1,2017/01/24 05:00:00,5763,47.15,TRADE
QLD1,2017/01/24 05:30:00,5881.37,51.06,TRADE
QLD1,2017/01/24 06:00:00,6016.19,44.54,TRADE
QLD1,2017/01/24 06:30:00,6329.72,60.23,TRADE
QLD1,2017/01/24 07:00:00,6565.07,86.29,TRADE
QLD1,2017/01/24 07:30:00,6928.06,64.37,TRADE
QLD1,2017/01/24 08:00:00,7020.15,96.18,TRADE
QLD1,2017/01/24 08:30:00,7031.52,97.42,TRADE
QLD1,2017/01/24 09:00:00,7036.64,97.88,TRADE
QLD1,2017/01/24 09:30:00,7076.03,98.51,TRADE
QLD1,2017/01/24 10:00:00,7107.97,98.79,TRADE
QLD1,2017/01/24 10:30:00,7098.46,96.33,TRADE
QLD1,2017/01/24 11:00:00,7129.29,98.94,TRADE
QLD1,2017/01/24 11:30:00,7215.6,96.67,TRADE
QLD1,2017/01/24 12:00:00,7331.57,96.19,TRADE
QLD1,2017/01/24 12:30:00,7457.3,98.75,TRADE
QLD1,2017/01/24 13:00:00,7576.89,109.30,TRADE
QLD1,2017/01/24 13:30:00,7631.56,191.87,TRADE
QLD1,2017/01/24 14:00:00,7749.6,114.04,TRADE
QLD1,2017/01/24 14:30:00,7816.69,163.72,TRADE
QLD1,2017/01/24 15:00:00,7927.37,98.26,TRADE
QLD1,2017/01/24 15:30:00,8047.36,133.63,TRADE
QLD1,2017/01/24 16:00:00,8195.05,258.87,TRADE
QLD1,2017/01/24 16:30:00,8353.89,101.17,TRADE
QLD1,2017/01/24 17:00:00,8362.77,2339.11,TRADE
QLD1,2017/01/24 17:30:00,8442.64,101.26,TRADE
QLD1,2017/01/24 18:00:00,8438.99,107.70,TRADE
QLD1,2017/01/24 18:30:00,8371.2,93.11,TRADE
QLD1,2017/01/24 19:00:00,8414.96,89.57,TRADE
QLD1,2017/01/24 19:30:00,8413.39,87.79,TRADE
QLD1,2017/01/24 20:00:00,8378.21,86.02,TRADE
QLD1,2017/01/24 20:30:00,8183.4,96.69,TRADE
QLD1,2017/01/24 21:00:00,7902.84,79.85,TRADE
QLD1,2017/01/24 21:30:00,7695.76,60.78,TRADE
QLD1,2017/01/24 22:00:00,7360.17,52.04,TRADE
QLD1,2017/01/24 22:30:00,7064.58,51.31,TRADE
QLD1,2017/01/24 23:00:00,6889.29,51.15,TRADE
QLD1,2017/01/24 23:30:00,6675.18,47.67,TRADE
QLD1,2017/01/25 00:00:00,6326.43,45.02,TRADE
QLD1,2017/01/25 00:30:00,6193.41,48.39,TRADE
QLD1,2017/01/25 01:00:00,6089.64,45.75,TRADE
QLD1,2017/01/25 01:30:00,5977.28,46.24,TRADE
QLD1,2017/01/25 02:00:00,5894.46,46.28,TRADE
QLD1,2017/01/25 02:30:00,5879.19,45.29,TRADE
QLD1,2017/01/25 03:00:00,5814.91,43.87,TRADE
QLD1,2017/01/25 03:30:00,5777.02,43.95,TRADE
QLD1,2017/01/25 04:00:00,5777.58,43.86,TRADE
QLD1,2017/01/25 04:30:00,5788.45,44.66,TRADE
QLD1,2017/01/25 05:00:00,5872.06,44.93,TRADE
QLD1,2017/01/25 05:30:00,5982.15,46.19,TRADE
QLD1,2017/01/25 06:00:00,6194.59,44.86,TRADE
QLD1,2017/01/25 06:30:00,6493.38,77.25,TRADE
QLD1,2017/01/25 07:00:00,6759.58,83.49,TRADE
QLD1,2017/01/25 07:30:00,7131.39,65.63,TRADE
QLD1,2017/01/25 08:00:00,7330.63,77.84,TRADE
QLD1,2017/01/25 08:30:00,7347.28,85.71,TRADE
QLD1,2017/01/25 09:00:00,7413.56,93.11,TRADE
QLD1,2017/01/25 09:30:00,7446.2,99.14,TRADE
QLD1,2017/01/25 10:00:00,7470.13,97.06,TRADE
QLD1,2017/01/25 10:30:00,7544.44,96.59,TRADE
QLD1,2017/01/25 11:00:00,7625.81,88.32,TRADE
QLD1,2017/01/25 11:30:00,7662.85,88.69,TRADE
QLD1,2017/01/25 12:00:00,7815.86,323.84,TRADE
QLD1,2017/01/25 12:30:00,7923.82,94.49,TRADE
QLD1,2017/01/25 13:00:00,7997.49,90.58,TRADE
QLD1,2017/01/25 13:30:00,8096.66,94.49,TRADE
QLD1,2017/01/25 14:00:00,8194.61,93.09,TRADE
QLD1,2017/01/25 14:30:00,8312.25,96.59,TRADE
QLD1,2017/01/25 15:00:00,8293.06,100.59,TRADE
QLD1,2017/01/25 15:30:00,8361.28,83.75,TRADE
QLD1,2017/01/25 16:00:00,8469.28,150.46,TRADE
QLD1,2017/01/25 16:30:00,8530.1,83.23,TRADE
QLD1,2017/01/25 17:00:00,8528.75,245.50,TRADE
QLD1,2017/01/25 17:30:00,8492.58,273.50,TRADE
QLD1,2017/01/25 18:00:00,8402.18,131.49,TRADE
QLD1,2017/01/25 18:30:00,8388.66,96.55,TRADE
QLD1,2017/01/25 19:00:00,8429.12,96.56,TRADE
QLD1,2017/01/25 19:30:00,8370.26,98.82,TRADE
QLD1,2017/01/25 20:00:00,8263.16,147.95,TRADE
QLD1,2017/01/25 20:30:00,8106.87,124.67,TRADE
QLD1,2017/01/25 21:00:00,7933.8,60.94,TRADE
QLD1,2017/01/25 21:30:00,7750.71,60.94,TRADE
QLD1,2017/01/25 22:00:00,7466.79,56.98,TRADE
QLD1,2017/01/25 22:30:00,7218.22,61.23,TRADE
QLD1,2017/01/25 23:00:00,7020.51,155.03,TRADE
QLD1,2017/01/25 23:30:00,6736.44,52.48,TRADE
QLD1,2017/01/26 00:00:00,6468.07,50.83,TRADE
QLD1,2017/01/26 00:30:00,6240.43,49.60,TRADE
QLD1,2017/01/26 01:00:00,6159.74,47.92,TRADE
QLD1,2017/01/26 01:30:00,6024.66,46.17,TRADE
QLD1,2017/01/26 02:00:00,5968.53,47.76,TRADE
QLD1,2017/01/26 02:30:00,5911.09,45.79,TRADE
QLD1,2017/01/26 03:00:00,5898.55,45.62,TRADE
QLD1,2017/01/26 03:30:00,5839.3,44.49,TRADE
QLD1,2017/01/26 04:00:00,5820.14,45.63,TRADE
QLD1,2017/01/26 04:30:00,5821.74,43.75,TRADE
QLD1,2017/01/26 05:00:00,5797.56,43.97,TRADE
QLD1,2017/01/26 05:30:00,5808.67,43.35,TRADE
QLD1,2017/01/26 06:00:00,5834.08,43.57,TRADE
QLD1,2017/01/26 06:30:00,5937.17,44.78,TRADE
QLD1,2017/01/26 07:00:00,6095.53,50.49,TRADE
QLD1,2017/01/26 07:30:00,6248.31,48.45,TRADE
QLD1,2017/01/26 08:00:00,6286.42,47.80,TRADE
QLD1,2017/01/26 08:30:00,6383.37,52.67,TRADE
QLD1,2017/01/26 09:00:00,6499.3,60.27,TRADE
QLD1,2017/01/26 09:30:00,6607.01,60.78,TRADE
QLD1,2017/01/26 10:00:00,6685.68,60.94,TRADE
QLD1,2017/01/26 10:30:00,6694.95,60.94,TRADE
QLD1,2017/01/26 11:00:00,6768.23,60.94,TRADE
QLD1,2017/01/26 11:30:00,6784.42,60.94,TRADE
QLD1,2017/01/26 12:00:00,6847.45,60.94,TRADE
QLD1,2017/01/26 12:30:00,6876.2,60.95,TRADE
QLD1,2017/01/26 13:00:00,7008.35,79.81,TRADE
QLD1,2017/01/26 13:30:00,7103.48,63.25,TRADE
QLD1,2017/01/26 14:00:00,7159.35,61.86,TRADE
QLD1,2017/01/26 14:30:00,7257.28,71.83,TRADE
QLD1,2017/01/26 15:00:00,7394.65,70.14,TRADE
QLD1,2017/01/26 15:30:00,7500.01,142.60,TRADE
QLD1,2017/01/26 16:00:00,7700.51,149.88,TRADE
QLD1,2017/01/26 16:30:00,7801.93,133.90,TRADE
QLD1,2017/01/26 17:00:00,7863.92,2188.39,TRADE
QLD1,2017/01/26 17:30:00,7917.24,118.94,TRADE
QLD1,2017/01/26 18:00:00,8012.52,157.69,TRADE
QLD1,2017/01/26 18:30:00,7965.46,121.51,TRADE
QLD1,2017/01/26 19:00:00,8030.07,166.88,TRADE
QLD1,2017/01/26 19:30:00,8068.68,111.75,TRADE
QLD1,2017/01/26 20:00:00,8053.3,96.91,TRADE
QLD1,2017/01/26 20:30:00,7921.94,103.87,TRADE
QLD1,2017/01/26 21:00:00,7618.64,99.59,TRADE
QLD1,2017/01/26 21:30:00,7450.01,102.70,TRADE
QLD1,2017/01/26 22:00:00,7239.89,56.91,TRADE
QLD1,2017/01/26 22:30:00,6942.58,391.70,TRADE
QLD1,2017/01/26 23:00:00,6800.85,88.21,TRADE
QLD1,2017/01/26 23:30:00,6537.71,53.37,TRADE
QLD1,2017/01/27 00:00:00,6261.2,54.49,TRADE
QLD1,2017/01/27 00:30:00,6114.89,52.02,TRADE
QLD1,2017/01/27 01:00:00,5937.57,48.42,TRADE
QLD1,2017/01/27 01:30:00,5909.03,46,TRADE
QLD1,2017/01/27 02:00:00,5867.63,47.33,TRADE
QLD1,2017/01/27 02:30:00,5858.69,45.52,TRADE
QLD1,2017/01/27 03:00:00,5859.11,47.18,TRADE
QLD1,2017/01/27 03:30:00,5810.67,45.98,TRADE
QLD1,2017/01/27 04:00:00,5801.31,50.60,TRADE
QLD1,2017/01/27 04:30:00,5859.76,44.83,TRADE
QLD1,2017/01/27 05:00:00,5913.99,46.97,TRADE
QLD1,2017/01/27 05:30:00,6058.36,47.74,TRADE
QLD1,2017/01/27 06:00:00,6157.67,54.53,TRADE
QLD1,2017/01/27 06:30:00,6440.52,58.65,TRADE
QLD1,2017/01/27 07:00:00,6754.74,287.50,TRADE
QLD1,2017/01/27 07:30:00,7056.05,67.06,TRADE
QLD1,2017/01/27 08:00:00,7265.87,98.88,TRADE
QLD1,2017/01/27 08:30:00,7374.49,148.40,TRADE
QLD1,2017/01/27 09:00:00,7451.14,324.72,TRADE
QLD1,2017/01/27 09:30:00,7486.79,95.23,TRADE
QLD1,2017/01/27 10:00:00,7599.34,96.91,TRADE
QLD1,2017/01/27 10:30:00,7673.3,106.61,TRADE
QLD1,2017/01/27 11:00:00,7523.46,2353.04,TRADE
QLD1,2017/01/27 11:30:00,7618.91,76.72,TRADE
QLD1,2017/01/27 12:00:00,7790.31,93.22,TRADE
QLD1,2017/01/27 12:30:00,7853.67,78.59,TRADE
QLD1,2017/01/27 13:00:00,7894.46,77.15,TRADE
QLD1,2017/01/27 13:30:00,7954.48,85.13,TRADE
QLD1,2017/01/27 14:00:00,7913.08,83.77,TRADE
QLD1,2017/01/27 14:30:00,7886.81,82.03,TRADE
QLD1,2017/01/27 15:00:00,7864.01,103.71,TRADE
QLD1,2017/01/27 15:30:00,7895.98,126.80,TRADE
QLD1,2017/01/27 16:00:00,7979.18,116.07,TRADE
QLD1,2017/01/27 16:30:00,7996.88,99.03,TRADE
QLD1,2017/01/27 17:00:00,8035.77,99.28,TRADE
QLD1,2017/01/27 17:30:00,8003.53,92.50,TRADE
QLD1,2017/01/27 18:00:00,7922.24,83.34,TRADE
QLD1,2017/01/27 18:30:00,7853.06,82.21,TRADE
QLD1,2017/01/27 19:00:00,8014.2,98.96,TRADE
QLD1,2017/01/27 19:30:00,8007.08,98.84,TRADE
QLD1,2017/01/27 20:00:00,7962.66,98.75,TRADE
QLD1,2017/01/27 20:30:00,7890.81,95.88,TRADE
QLD1,2017/01/27 21:00:00,7638.39,95.42,TRADE
QLD1,2017/01/27 21:30:00,7492.05,81.29,TRADE
QLD1,2017/01/27 22:00:00,7239.52,61.68,TRADE
QLD1,2017/01/27 22:30:00,6921.45,73.94,TRADE
QLD1,2017/01/27 23:00:00,6795.47,291.27,TRADE
QLD1,2017/01/27 23:30:00,6626.94,72.17,TRADE
QLD1,2017/01/28 00:00:00,6307.95,69.63,TRADE
QLD1,2017/01/28 00:30:00,6164.42,64.60,TRADE
QLD1,2017/01/28 01:00:00,6044.66,69.23,TRADE
QLD1,2017/01/28 01:30:00,5965.05,68.83,TRADE
QLD1,2017/01/28 02:00:00,5867.7,59.11,TRADE
QLD1,2017/01/28 02:30:00,5791.38,62.42,TRADE
QLD1,2017/01/28 03:00:00,5784.22,57.78,TRADE
QLD1,2017/01/28 03:30:00,5726.76,46.12,TRADE
QLD1,2017/01/28 04:00:00,5713.82,46.61,TRADE
QLD1,2017/01/28 04:30:00,5716.97,46.17,TRADE
QLD1,2017/01/28 05:00:00,5713.01,46.82,TRADE
QLD1,2017/01/28 05:30:00,5761.38,44.60,TRADE
QLD1,2017/01/28 06:00:00,5729.13,46.45,TRADE
QLD1,2017/01/28 06:30:00,5811.69,49.99,TRADE
QLD1,2017/01/28 07:00:00,5904.81,65.49,TRADE
QLD1,2017/01/28 07:30:00,6192.96,58.76,TRADE
QLD1,2017/01/28 08:00:00,6328.47,60.78,TRADE
QLD1,2017/01/28 08:30:00,6473.8,69.76,TRADE
QLD1,2017/01/28 09:00:00,6615.17,68.05,TRADE
QLD1,2017/01/28 09:30:00,6688.15,71.68,TRADE
QLD1,2017/01/28 10:00:00,6766.93,77.60,TRADE
QLD1,2017/01/28 10:30:00,6786.29,82.90,TRADE
QLD1,2017/01/28 11:00:00,6796.04,82.91,TRADE
QLD1,2017/01/28 11:30:00,6828.12,78.32,TRADE
QLD1,2017/01/28 12:00:00,6916.42,94.79,TRADE
QLD1,2017/01/28 12:30:00,6949.27,84.48,TRADE
QLD1,2017/01/28 13:00:00,7003.57,96.79,TRADE
QLD1,2017/01/28 13:30:00,7096.8,99.34,TRADE
QLD1,2017/01/28 14:00:00,7181.6,107.41,TRADE
QLD1,2017/01/28 14:30:00,7240.99,176.05,TRADE
QLD1,2017/01/28 15:00:00,7319.49,154.83,TRADE
QLD1,2017/01/28 15:30:00,7361.07,125.29,TRADE
QLD1,2017/01/28 16:00:00,7454.15,182.41,TRADE
QLD1,2017/01/28 16:30:00,7552.86,167.48,TRADE
QLD1,2017/01/28 17:00:00,7687.39,307.23,TRADE
QLD1,2017/01/28 17:30:00,7756.36,205.86,TRADE
QLD1,2017/01/28 18:00:00,7698.07,212.92,TRADE
QLD1,2017/01/28 18:30:00,7716.94,206.17,TRADE
QLD1,2017/01/28 19:00:00,7719.41,220.62,TRADE
QLD1,2017/01/28 19:30:00,7788.69,254.73,TRADE
QLD1,2017/01/28 20:00:00,7800.8,133.37,TRADE
QLD1,2017/01/28 20:30:00,7682.25,109.24,TRADE
QLD1,2017/01/28 21:00:00,7409.94,77.20,TRADE
QLD1,2017/01/28 21:30:00,7306.21,76.55,TRADE
QLD1,2017/01/28 22:00:00,7082.76,55.24,TRADE
QLD1,2017/01/28 22:30:00,6846.36,71.72,TRADE
QLD1,2017/01/28 23:00:00,6740.81,247.13,TRADE
QLD1,2017/01/28 23:30:00,6528.48,57.50,TRADE
QLD1,2017/01/29 00:00:00,6268.53,55.66,TRADE
QLD1,2017/01/29 00:30:00,6120.38,63.94,TRADE
QLD1,2017/01/29 01:00:00,6048.15,57.12,TRADE
QLD1,2017/01/29 01:30:00,5933.12,46.01,TRADE
QLD1,2017/01/29 02:00:00,5843.28,46.54,TRADE
QLD1,2017/01/29 02:30:00,5817.2,57.92,TRADE
QLD1,2017/01/29 03:00:00,5755.52,54.41,TRADE
QLD1,2017/01/29 03:30:00,5713.46,56.35,TRADE
QLD1,2017/01/29 04:00:00,5677.49,61.07,TRADE
QLD1,2017/01/29 04:30:00,5693.29,50.39,TRADE
QLD1,2017/01/29 05:00:00,5642.58,47.09,TRADE
QLD1,2017/01/29 05:30:00,5638.95,46.70,TRADE
QLD1,2017/01/29 06:00:00,5613.5,44.58,TRADE
QLD1,2017/01/29 06:30:00,5675.96,48.54,TRADE
QLD1,2017/01/29 07:00:00,5778.7,58.52,TRADE
QLD1,2017/01/29 07:30:00,5966.24,52.74,TRADE
QLD1,2017/01/29 08:00:00,6046.3,51.49,TRADE
QLD1,2017/01/29 08:30:00,6139.34,60.10,TRADE
QLD1,2017/01/29 09:00:00,6266.06,66.54,TRADE
QLD1,2017/01/29 09:30:00,6373.1,71.93,TRADE
QLD1,2017/01/29 10:00:00,6444.11,69.50,TRADE
QLD1,2017/01/29 10:30:00,6486.7,84.08,TRADE
QLD1,2017/01/29 11:00:00,6493.51,156.66,TRADE
QLD1,2017/01/29 11:30:00,6459.86,680.45,TRADE
QLD1,2017/01/29 12:00:00,6592.03,231.40,TRADE
QLD1,2017/01/29 12:30:00,6703.69,211,TRADE
QLD1,2017/01/29 13:00:00,6812.5,221.04,TRADE
QLD1,2017/01/29 13:30:00,6915.26,184.75,TRADE
QLD1,2017/01/29 14:00:00,7045.51,252.16,TRADE
QLD1,2017/01/29 14:30:00,7118.12,302.10,TRADE
QLD1,2017/01/29 15:00:00,7251.6,228.68,TRADE
QLD1,2017/01/29 15:30:00,7379.18,158.86,TRADE
QLD1,2017/01/29 16:00:00,7546.47,402.17,TRADE
QLD1,2017/01/29 16:30:00,7505.69,2408.10,TRADE
QLD1,2017/01/29 17:00:00,7741.94,249.76,TRADE
QLD1,2017/01/29 17:30:00,7896.56,562.33,TRADE
QLD1,2017/01/29 18:00:00,7939.31,404.67,TRADE
QLD1,2017/01/29 18:30:00,7789.2,2339.46,TRADE
QLD1,2017/01/29 19:00:00,7882.01,283.20,TRADE
QLD1,2017/01/29 19:30:00,7981.37,188.39,TRADE
QLD1,2017/01/29 20:00:00,7881.29,356.68,TRADE
QLD1,2017/01/29 20:30:00,7839.15,284.42,TRADE
QLD1,2017/01/29 21:00:00,7591.78,179.56,TRADE
QLD1,2017/01/29 21:30:00,7448.81,149.63,TRADE
QLD1,2017/01/29 22:00:00,7252.51,88.14,TRADE
QLD1,2017/01/29 22:30:00,6975.58,83.18,TRADE
QLD1,2017/01/29 23:00:00,6770.26,628.99,TRADE
QLD1,2017/01/29 23:30:00,6567.79,59.87,TRADE
QLD1,2017/01/30 00:00:00,6308.02,60.40,TRADE
QLD1,2017/01/30 00:30:00,6179.76,60.56,TRADE
QLD1,2017/01/30 01:00:00,6067.84,62.53,TRADE
QLD1,2017/01/30 01:30:00,5964.29,74.40,TRADE
QLD1,2017/01/30 02:00:00,5907.26,61.66,TRADE
QLD1,2017/01/30 02:30:00,5871.83,59.55,TRADE
QLD1,2017/01/30 03:00:00,5884.87,51.99,TRADE
QLD1,2017/01/30 03:30:00,5822.88,48.21,TRADE
QLD1,2017/01/30 04:00:00,5813.03,50.01,TRADE
QLD1,2017/01/30 04:30:00,5864.46,48.51,TRADE
QLD1,2017/01/30 05:00:00,5903.68,51.86,TRADE
QLD1,2017/01/30 05:30:00,6072,49.07,TRADE
QLD1,2017/01/30 06:00:00,6214.36,53.70,TRADE
QLD1,2017/01/30 06:30:00,6514.39,66.30,TRADE
QLD1,2017/01/30 07:00:00,6698.3,2377.63,TRADE
QLD1,2017/01/30 07:30:00,7136.64,69.28,TRADE
QLD1,2017/01/30 08:00:00,7377.93,80.78,TRADE
QLD1,2017/01/30 08:30:00,7461.9,87.54,TRADE
QLD1,2017/01/30 09:00:00,7577.66,186.31,TRADE
QLD1,2017/01/30 09:30:00,7631.88,134.33,TRADE
QLD1,2017/01/30 10:00:00,7659.33,123.47,TRADE
QLD1,2017/01/30 10:30:00,7670.22,120.44,TRADE
QLD1,2017/01/30 11:00:00,7679.99,153.34,TRADE
QLD1,2017/01/30 11:30:00,7665.87,234.71,TRADE
QLD1,2017/01/30 12:00:00,7786.73,279.29,TRADE
QLD1,2017/01/30 12:30:00,7824.95,301.66,TRADE
QLD1,2017/01/30 13:00:00,7882.01,249.62,TRADE
QLD1,2017/01/30 13:30:00,7959.7,135.75,TRADE
QLD1,2017/01/30 14:00:00,8046.99,174.68,TRADE
QLD1,2017/01/30 14:30:00,8118.28,149.30,TRADE
QLD1,2017/01/30 15:00:00,8155.88,185.27,TRADE
QLD1,2017/01/30 15:30:00,8270.06,210.89,TRADE
QLD1,2017/01/30 16:00:00,8438.14,265.87,TRADE
QLD1,2017/01/30 16:30:00,8530.5,296.02,TRADE
QLD1,2017/01/30 17:00:00,8531.79,2423.63,TRADE
QLD1,2017/01/30 17:30:00,8530.95,236.20,TRADE
QLD1,2017/01/30 18:00:00,8512.22,184.71,TRADE
QLD1,2017/01/30 18:30:00,8393.33,222.76,TRADE
QLD1,2017/01/30 19:00:00,8448.12,323.77,TRADE
QLD1,2017/01/30 19:30:00,8452.07,182.79,TRADE
QLD1,2017/01/30 20:00:00,8440.8,282.79,TRADE
QLD1,2017/01/30 20:30:00,8264.84,230.84,TRADE
QLD1,2017/01/30 21:00:00,7957.87,111.85,TRADE
QLD1,2017/01/30 21:30:00,7767.11,88.04,TRADE
QLD1,2017/01/30 22:00:00,7437.76,73.06,TRADE
QLD1,2017/01/30 22:30:00,7124.58,152.67,TRADE
QLD1,2017/01/30 23:00:00,6947.7,125.05,TRADE
QLD1,2017/01/30 23:30:00,6665.86,99.55,TRADE
QLD1,2017/01/31 00:00:00,6375.39,70.58,TRADE
QLD1,2017/01/31 00:30:00,6240.13,77.82,TRADE
QLD1,2017/01/31 01:00:00,6165.69,83.80,TRADE
QLD1,2017/01/31 01:30:00,5990.61,77.53,TRADE
QLD1,2017/01/31 02:00:00,5924.95,69.35,TRADE
QLD1,2017/01/31 02:30:00,5930.48,70.67,TRADE
QLD1,2017/01/31 03:00:00,5915.52,75.09,TRADE
QLD1,2017/01/31 03:30:00,5897.84,73.14,TRADE
QLD1,2017/01/31 04:00:00,5861.93,74.08,TRADE
QLD1,2017/01/31 04:30:00,5866.32,78.40,TRADE
QLD1,2017/01/31 05:00:00,5920.25,88.07,TRADE
QLD1,2017/01/31 05:30:00,6089.04,61.05,TRADE
QLD1,2017/01/31 06:00:00,6273.21,73.87,TRADE
QLD1,2017/01/31 06:30:00,6503.19,130.82,TRADE
QLD1,2017/01/31 07:00:00,6667.48,169.50,TRADE
QLD1,2017/01/31 07:30:00,7180.53,121.13,TRADE
QLD1,2017/01/31 08:00:00,7341.93,170.35,TRADE
QLD1,2017/01/31 08:30:00,7410.6,109.99,TRADE
QLD1,2017/01/31 09:00:00,7421.49,221.78,TRADE
QLD1,2017/01/31 09:30:00,7483.11,218.99,TRADE
QLD1,2017/01/31 10:00:00,7515.29,212.61,TRADE
QLD1,2017/01/31 10:30:00,7549.96,136.60,TRADE
QLD1,2017/01/31 11:00:00,7603.17,101.02,TRADE
QLD1,2017/01/31 11:30:00,7673.91,102.47,TRADE
QLD1,2017/01/31 12:00:00,7709.34,103.02,TRADE
QLD1,2017/01/31 12:30:00,7852.61,155.15,TRADE
QLD1,2017/01/31 13:00:00,7943.77,263.03,TRADE
QLD1,2017/01/31 13:30:00,8032.93,120.08,TRADE
QLD1,2017/01/31 14:00:00,8124.09,187.24,TRADE
QLD1,2017/01/31 14:30:00,8288.47,161.56,TRADE
QLD1,2017/01/31 15:00:00,8330.5,182.33,TRADE
QLD1,2017/01/31 15:30:00,8345.96,341.27,TRADE
QLD1,2017/01/31 16:00:00,8492.74,2297.84,TRADE
QLD1,2017/01/31 16:30:00,8707.23,2367.31,TRADE
QLD1,2017/01/31 17:00:00,8721.08,97.06,TRADE
QLD1,2017/01/31 17:30:00,8725.61,142.65,TRADE
QLD1,2017/01/31 18:00:00,8668.21,92.63,TRADE
QLD1,2017/01/31 18:30:00,8490.43,1924.42,TRADE
QLD1,2017/01/31 19:00:00,8506.81,165.74,TRADE
QLD1,2017/01/31 19:30:00,8428.94,1935.96,TRADE
QLD1,2017/01/31 20:00:00,8384.63,116.89,TRADE
QLD1,2017/01/31 20:30:00,8298.13,310.84,TRADE
QLD1,2017/01/31 21:00:00,8043.69,328.91,TRADE
QLD1,2017/01/31 21:30:00,7894.58,116.40,TRADE
QLD1,2017/01/31 22:00:00,7611.94,63.24,TRADE
QLD1,2017/01/31 22:30:00,7265.97,57.43,TRADE
QLD1,2017/01/31 23:00:00,7117.27,63.11,TRADE
QLD1,2017/01/31 23:30:00,6747.14,403.04,TRADE
QLD1,2017/02/01 00:00:00,6457.86,53.44,TRADE
